siRNA,mRNA,extended_mRNA,ends,DG_total,DH_total,DG_pos1,DG_pos2,DG_pos3,DG_pos4,DG_pos5,DG_pos6,DG_pos7,DG_pos8,DG_pos9,DG_pos10,DG_pos11,DG_pos12,DG_pos13,DG_pos14,DG_pos15,DG_pos16,DG_pos17,DG_pos18,DH_pos1,DH_pos2,DH_pos3,DH_pos4,DH_pos5,DH_pos6,DH_pos7,DH_pos8,DH_pos9,DH_pos10,DH_pos11,DH_pos12,DH_pos13,DH_pos14,DH_pos15,DH_pos16,DH_pos17,DH_pos18,single_energy_total,single_energy_pos1,single_energy_pos2,single_energy_pos3,single_energy_pos4,single_energy_pos5,single_energy_pos6,single_energy_pos7,single_energy_pos8,single_energy_pos9,single_energy_pos10,single_energy_pos11,single_energy_pos12,single_energy_pos13,single_energy_pos14,single_energy_pos15,single_energy_pos16,single_energy_pos17,single_energy_pos18,single_energy_pos19,duplex_energy_total,duplex_energy_sirna_pos1,duplex_energy_sirna_pos2,duplex_energy_sirna_pos3,duplex_energy_sirna_pos4,duplex_energy_sirna_pos5,duplex_energy_sirna_pos6,duplex_energy_sirna_pos7,duplex_energy_sirna_pos8,duplex_energy_sirna_pos9,duplex_energy_sirna_pos10,duplex_energy_sirna_pos11,duplex_energy_sirna_pos12,duplex_energy_sirna_pos13,duplex_energy_sirna_pos14,duplex_energy_sirna_pos15,duplex_energy_sirna_pos16,duplex_energy_sirna_pos17,duplex_energy_sirna_pos18,duplex_energy_sirna_pos19,duplex_energy_target_pos1,duplex_energy_target_pos2,duplex_energy_target_pos3,duplex_energy_target_pos4,duplex_energy_target_pos5,duplex_energy_target_pos6,duplex_energy_target_pos7,duplex_energy_target_pos8,duplex_energy_target_pos9,duplex_energy_target_pos10,duplex_energy_target_pos11,duplex_energy_target_pos12,duplex_energy_target_pos13,duplex_energy_target_pos14,duplex_energy_target_pos15,duplex_energy_target_pos16,duplex_energy_target_pos17,duplex_energy_target_pos18,duplex_energy_target_pos19,RNAup_open_dG,RNAup_interaction_dG
GAUUUAUACAAUUCCUUUC,GAAAGGAATTGTATAAATC,CTTATTTTTAGATAAAATTGAAAGGAATTGTATAAATCAATTAACATATTAGCTGAG,0.0,-24.19,-163.86,-2.35,-1.1,-0.93,-0.93,-1.33,-1.1,-1.33,-2.24,-2.11,-0.93,-1.1,-0.93,-2.35,-3.26,-2.08,-0.93,-0.93,-2.35,-12.44,-9.38,-6.82,-6.82,-7.69,-9.38,-7.69,-11.4,-10.44,-6.82,-9.38,-6.82,-12.44,-13.39,-10.48,-6.82,-6.82,-12.44,0.0,0.0,0.0,0.0,0.0,0.0,0.0,0.0,0.0,0.0,0.0,0.0,0.0,0.0,0.0,0.0,0.0,0.0,0.0,0.0,-24.1,2.2,3.4,3.9,3.7,4.1,4.3,4.3,4.7,6.2,4.2,3.9,3.9,4.5,6.9,6.6,4.2,3.7,3.1,2.2,2.2,3.1,3.7,4.2,6.6,6.9,4.5,3.9,3.9,4.2,6.2,4.7,4.3,4.3,4.1,3.7,3.9,3.4,2.2,-24.05,0.05
CAGUGGAAAGUACAUCAGA,TCTGATGTACTTTCCACTG,CTTCTTCCCTAAGCTGCAGTCTGATGTACTTTCCACTGGGCCAGCCAGCAACAAGTG,-0.66,-31.46,-181.49,-2.11,-2.08,-2.24,-2.11,-3.26,-2.35,-0.93,-0.93,-2.08,-2.24,-1.33,-2.24,-2.11,-1.1,-2.35,-2.11,-2.08,-2.35,-10.44,-10.48,-11.4,-10.44,-13.39,-12.44,-6.82,-6.82,-10.48,-11.4,-7.69,-11.4,-10.44,-9.38,-12.44,-10.44,-10.48,-12.44,-0.2,0.0,0.0,0.2,0.2,0.2,0.0,0.0,0.0,0.0,0.0,0.0,0.0,0.2,0.1,0.1,0.0,0.0,0.0,0.0,-31.4,1.8,3.2,6.2,4.8,6.6,6.9,4.5,3.7,4.2,6.2,4.7,4.7,6.2,4.4,4.7,6.4,4.6,3.5,0.4,0.4,3.5,4.6,6.4,4.7,4.4,6.2,4.7,4.7,6.2,4.2,3.7,4.5,6.9,6.6,4.8,6.2,3.2,1.8,-30.57,0.09
GGCGUCACGUAAUCAGACA,TGTCTGATTACGTGACGCC,GCCAACAGAGTCATGGATGTGTCTGATTACGTGACGCCACCTCAGGGCACCTCGGTC,-1.6,-34.64,-190.83,-3.26,-3.42,-2.36,-2.24,-2.35,-2.11,-2.24,-2.36,-2.24,-1.33,-0.93,-1.1,-2.35,-2.11,-2.08,-2.35,-2.24,-2.11,-13.39,-14.88,-10.64,-11.4,-12.44,-10.44,-11.4,-10.64,-11.4,-7.69,-6.82,-9.38,-12.44,-10.44,-10.48,-12.44,-11.4,-10.44,-1.2,0.0,0.0,0.0,1.2,1.1,1.1,0.0,0.0,0.0,0.0,0.0,0.0,0.0,0.0,0.0,1.1,1.1,1.1,0.0,-34.6,2.3,5.6,6.3,5.8,5.1,6.4,4.8,5.8,5.8,4.7,4.1,3.9,4.7,6.4,4.7,6.4,4.7,3.7,0.1,0.1,3.7,4.7,6.4,4.7,6.4,4.7,3.9,4.1,4.7,5.8,5.8,4.8,6.4,5.1,5.8,6.3,5.6,2.3,-33.2,2.46
CCUGUACAUCUUUGCUGUC,GACAGCAAAGATGTACAGG,TTCCTGAGCTGGATGGAAAGACAGCAAAGATGTACAGGGGTGGCAAAATATGCCTGA,-0.46,-32.98,-187.65,-3.26,-2.08,-2.11,-2.24,-1.33,-2.24,-2.11,-1.1,-2.35,-2.08,-0.93,-0.93,-2.11,-3.42,-2.08,-2.11,-2.24,-2.35,-13.39,-10.48,-10.44,-11.4,-7.69,-11.4,-10.44,-9.38,-12.44,-10.48,-6.82,-6.82,-10.44,-14.88,-10.48,-10.44,-11.4,-12.44,0.0,0.0,0.0,0.0,0.0,0.0,0.0,0.0,0.0,0.0,0.0,0.0,0.0,0.0,0.0,0.0,0.0,0.0,0.0,0.0,-32.9,1.8,4.9,4.7,6.2,4.7,4.7,6.2,4.4,4.7,6.4,4.2,3.7,4.2,6.7,6.7,4.7,6.2,3.5,2.2,2.2,3.5,6.2,4.7,6.7,6.7,4.2,3.7,4.2,6.4,4.7,4.4,6.2,4.7,4.7,6.2,4.7,4.9,1.8,-32.53,0.73
AGACCAAAAUUAAAUAAGA,TCTTATTTAATTTTGGTCT,ATGGAATCTTATGTAACTTTCTTATTTAATTTTGGTCTGCTTATTTTTAGATAAAAT,0.27,-22.85,-151.9,-2.08,-2.35,-2.24,-3.26,-2.11,-0.93,-0.93,-0.93,-1.1,-0.93,-1.33,-0.93,-0.93,-1.1,-1.33,-0.93,-2.08,-2.35,-10.48,-12.44,-11.4,-13.39,-10.44,-6.82,-6.82,-6.82,-9.38,-6.82,-7.69,-6.82,-6.82,-9.38,-7.69,-6.82,-10.48,-12.44,0.0,0.0,0.0,0.0,0.0,0.0,0.0,0.0,0.0,0.0,0.0,0.0,0.0,0.0,0.0,0.0,0.0,0.0,0.0,0.0,-22.6,0.6,3.8,5.1,6.7,6.6,4.2,3.7,3.7,3.9,3.9,4.1,4.1,3.7,3.9,4.3,4.1,4.2,3.5,0.4,0.4,3.5,4.2,4.1,4.3,3.9,3.7,4.1,4.1,3.9,3.9,3.7,3.7,4.2,6.6,6.7,5.1,3.8,0.6,-22.6,0.05
AAGUUACAUAAGAUUCCAU,ATGGAATCTTATGTAACTT,TGGCCTTATGTATGCTCAAATGGAATCTTATGTAACTTTCTTATTTAATTTTGGTCT,0.17,-25.51,-162.66,-0.93,-2.08,-2.24,-0.93,-1.33,-2.24,-2.11,-1.1,-1.33,-0.93,-2.08,-2.35,-1.1,-0.93,-2.35,-3.26,-2.11,-1.1,-6.82,-10.48,-11.4,-6.82,-7.69,-11.4,-10.44,-9.38,-7.69,-6.82,-10.48,-12.44,-9.38,-6.82,-12.44,-13.39,-10.44,-9.38,0.0,0.0,0.0,0.0,0.0,0.0,0.0,0.0,0.0,0.0,0.0,0.0,0.0,0.0,0.0,0.0,0.0,0.0,0.0,0.0,-25.3,0.2,1.5,4.6,4.3,4.1,4.7,6.2,4.4,4.3,4.1,4.2,6.4,4.7,3.9,4.5,6.9,5.0,1.2,0.5,0.5,1.2,5.0,6.9,4.5,3.9,4.7,6.4,4.2,4.1,4.3,4.4,6.2,4.7,4.1,4.3,4.6,1.5,0.2,-25.22,0.05
UGGUGGCUUAAAUGGAUAA,TTATCCATTTAAGCCACCA,ATATCACATTTTCATCAGATTATCCATTTAAGCCACCAAAGGTTACTTTCCGCACCA,-0.73,-29.79,-171.06,-2.11,-3.26,-2.24,-2.11,-3.26,-3.42,-2.08,-0.93,-1.33,-0.93,-0.93,-1.1,-2.11,-3.26,-2.35,-1.1,-1.33,-0.93,-10.44,-13.39,-11.4,-10.44,-13.39,-14.88,-10.48,-6.82,-7.69,-6.82,-6.82,-9.38,-10.44,-13.39,-12.44,-9.38,-7.69,-6.82,0.0,0.0,0.0,0.0,0.0,0.0,0.0,0.0,0.0,0.0,0.0,0.0,0.0,0.0,0.0,0.0,0.0,0.0,0.0,0.0,-29.7,0.1,3.9,6.7,4.8,6.6,7.2,6.7,4.2,4.1,4.1,3.7,3.9,4.4,6.6,6.9,3.8,2.8,1.5,0.0,0.0,1.5,2.8,3.8,6.9,6.6,4.4,3.9,3.7,4.1,4.1,4.2,6.7,7.2,6.6,4.8,6.7,3.9,0.1,-29.61,0.05
CCAGCAUAGAAAUGACACU,AGTGTCATTTCTATGCTGG,TGTGGAAACCATCATGATTAGTGTCATTTCTATGCTGGCAGACCCTAATGGAGACTC,-1.63,-31.39,-181.91,-3.26,-2.11,-2.08,-3.42,-2.11,-1.1,-1.33,-2.08,-2.35,-0.93,-0.93,-1.1,-2.11,-2.35,-2.24,-2.11,-2.24,-2.08,-13.39,-10.44,-10.48,-14.88,-10.44,-9.38,-7.69,-10.48,-12.44,-6.82,-6.82,-9.38,-10.44,-12.44,-11.4,-10.44,-11.4,-10.48,0.0,0.0,0.0,0.0,0.0,0.0,0.0,0.0,0.0,0.0,0.0,0.0,0.0,0.0,0.0,0.0,0.0,0.0,0.0,0.0,-31.3,1.8,5.1,4.7,6.7,6.7,4.4,4.3,4.6,6.4,4.5,3.7,3.9,4.4,6.4,5.1,6.2,4.4,3.7,0.6,0.6,3.7,4.4,6.2,5.1,6.4,4.4,3.9,3.7,4.5,6.4,4.6,4.3,4.4,6.7,6.7,4.7,5.1,1.8,-31.04,0.69
GAAUUGCAGUAUGGUCAAU,ATTGACCATACTGCAATTC,TGAGCTGCGTCTGGCAAAAATTGACCATACTGCAATTCACCCACATTTACTTGACAT,-1.7,-29.26,-177.15,-2.35,-0.93,-1.1,-0.93,-2.11,-3.42,-2.11,-2.08,-2.24,-1.33,-1.1,-2.11,-3.26,-2.24,-2.35,-2.11,-0.93,-1.1,-12.44,-6.82,-9.38,-6.82,-10.44,-14.88,-10.44,-10.48,-11.4,-7.69,-9.38,-10.44,-13.39,-11.4,-12.44,-10.44,-6.82,-9.38,0.0,0.0,0.0,0.0,0.0,0.0,0.0,0.0,0.0,0.0,0.0,0.0,0.0,0.0,0.0,0.0,0.0,0.0,0.0,0.0,-29.1,2.2,3.1,3.9,3.9,4.2,6.7,6.7,4.7,6.2,4.7,4.3,4.4,6.6,6.7,5.1,5.8,2.1,1.0,0.5,0.5,1.0,2.1,5.8,5.1,6.7,6.6,4.4,4.3,4.7,6.2,4.7,6.7,6.7,4.2,3.9,3.9,3.1,2.2,-28.7,0.11
GCUGUCAUUAGGUCCCAUA,TATGGGACCTAATGACAGC,TTCATTGGCAAGCCACAATTATGGGACCTAATGACAGCCCATATCAAGGCGGTGTAT,-2.09,-34.12,-188.64,-3.42,-2.08,-2.11,-2.24,-2.35,-2.11,-1.1,-0.93,-1.33,-2.08,-3.26,-2.24,-2.35,-3.26,-3.26,-2.11,-1.1,-1.33,-14.88,-10.48,-10.44,-11.4,-12.44,-10.44,-9.38,-6.82,-7.69,-10.48,-13.39,-11.4,-12.44,-13.39,-13.39,-10.44,-9.38,-7.69,0.0,0.0,0.0,0.0,0.0,0.0,0.0,0.0,0.0,0.0,0.0,0.0,0.0,0.0,0.0,0.0,0.0,0.0,0.0,0.0,-34.1,2.3,5.0,4.7,6.2,5.1,6.4,4.4,3.9,4.1,4.6,6.6,6.7,5.1,6.9,7.1,6.3,2.5,1.8,0.5,0.5,1.8,2.5,6.3,7.1,6.9,5.1,6.7,6.6,4.6,4.1,3.9,4.4,6.4,5.1,6.2,4.7,5.0,2.3,-33.59,0.14
GCAGCGCAGCCACCAGAUG,CATCTGGTGGCTGCGCTGC,ACCTCTCCATCCGAGGCTTCATCTGGTGGCTGCGCTGCCTGGTCATCAATGTCGTCC,-0.86,-40.95,-210.19,-3.42,-2.11,-2.08,-3.42,-2.36,-3.42,-2.11,-2.08,-3.42,-3.26,-2.11,-2.24,-3.26,-2.11,-2.08,-2.35,-1.1,-2.11,-14.88,-10.44,-10.48,-14.88,-10.64,-14.88,-10.44,-10.48,-14.88,-13.39,-10.44,-11.4,-13.39,-10.44,-10.48,-12.44,-9.38,-10.44,-0.3,0.3,0.3,0.0,0.0,0.0,0.0,0.0,0.0,0.3,0.3,0.0,0.0,0.0,0.0,0.0,0.0,0.0,0.0,0.0,-41.0,2.3,5.2,4.7,6.7,6.3,6.3,6.7,4.7,6.7,7.2,6.6,4.8,6.7,6.6,4.7,6.4,4.1,3.1,1.8,1.8,3.1,4.1,6.4,4.7,6.6,6.7,4.8,6.6,7.2,6.7,4.7,6.7,6.3,6.3,6.7,4.7,5.2,2.3,-40.23,3.36
