siRNA,mRNA,extended_mRNA,efficacy,binary,source,cell_line,ends,DG_total,DH_total,DG_pos1,DG_pos2,DG_pos3,DG_pos4,DG_pos5,DG_pos6,DG_pos7,DG_pos8,DG_pos9,DG_pos10,DG_pos11,DG_pos12,DG_pos13,DG_pos14,DG_pos15,DG_pos16,DG_pos17,DG_pos18,DH_pos1,DH_pos2,DH_pos3,DH_pos4,DH_pos5,DH_pos6,DH_pos7,DH_pos8,DH_pos9,DH_pos10,DH_pos11,DH_pos12,DH_pos13,DH_pos14,DH_pos15,DH_pos16,DH_pos17,DH_pos18,single_energy_total,single_energy_pos1,single_energy_pos2,single_energy_pos3,single_energy_pos4,single_energy_pos5,single_energy_pos6,single_energy_pos7,single_energy_pos8,single_energy_pos9,single_energy_pos10,single_energy_pos11,single_energy_pos12,single_energy_pos13,single_energy_pos14,single_energy_pos15,single_energy_pos16,single_energy_pos17,single_energy_pos18,single_energy_pos19,duplex_energy_total,duplex_energy_sirna_pos1,duplex_energy_sirna_pos2,duplex_energy_sirna_pos3,duplex_energy_sirna_pos4,duplex_energy_sirna_pos5,duplex_energy_sirna_pos6,duplex_energy_sirna_pos7,duplex_energy_sirna_pos8,duplex_energy_sirna_pos9,duplex_energy_sirna_pos10,duplex_energy_sirna_pos11,duplex_energy_sirna_pos12,duplex_energy_sirna_pos13,duplex_energy_sirna_pos14,duplex_energy_sirna_pos15,duplex_energy_sirna_pos16,duplex_energy_sirna_pos17,duplex_energy_sirna_pos18,duplex_energy_sirna_pos19,duplex_energy_target_pos1,duplex_energy_target_pos2,duplex_energy_target_pos3,duplex_energy_target_pos4,duplex_energy_target_pos5,duplex_energy_target_pos6,duplex_energy_target_pos7,duplex_energy_target_pos8,duplex_energy_target_pos9,duplex_energy_target_pos10,duplex_energy_target_pos11,duplex_energy_target_pos12,duplex_energy_target_pos13,duplex_energy_target_pos14,duplex_energy_target_pos15,duplex_energy_target_pos16,duplex_energy_target_pos17,duplex_energy_target_pos18,duplex_energy_target_pos19,RNAup_open_dG,RNAup_interaction_dG
AGGAGCGGGAACGAGUGGU,ACCACTCGTTCCCGCTCCT,XXXXXXXXXXXXXXXXXXTACCACTCGTTCCCGCTCCTCGACAAGTGGCCCCACCAC,0.79,1,Takayuki,hela,0.16,-39.24,-198.89,-2.08,-3.26,-2.35,-2.08,-3.42,-2.36,-3.26,-3.26,-2.35,-0.93,-2.24,-2.36,-2.35,-2.08,-2.24,-2.11,-3.26,-2.24,-10.48,-13.39,-12.44,-10.48,-14.88,-10.64,-13.39,-13.39,-12.44,-6.82,-11.4,-10.64,-12.44,-10.48,-11.4,-10.44,-13.39,-11.4,-0.6,0.0,0.0,0.0,0.0,0.0,0.6,0.6,0.0,0.0,0.0,0.0,0.6,0.6,0.0,0.0,0.0,0.0,0.0,0.0,-39.4,0.6,3.9,6.9,5.0,6.7,6.3,6.2,7.1,6.9,4.5,4.3,5.8,6.0,5.0,6.2,4.8,6.6,3.5,0.6,0.6,3.5,6.6,4.8,6.2,5.0,6.0,5.8,4.3,4.5,6.9,7.1,6.2,6.3,6.7,5.0,6.8,3.9,0.6,-38.49,0.1
UUGUCGAGGAGCGGGAACG,CGTTCCCGCTCCTCGACAA,XXXXXXXXXXXXTACCACTCGTTCCCGCTCCTCGACAAGTGGCCCCACCACGGGTAG,0.77,1,Takayuki,hela,1.43,-37.75,-197.24,-0.93,-2.11,-2.24,-2.35,-2.36,-2.35,-2.08,-3.26,-2.35,-2.08,-3.42,-2.36,-3.26,-3.26,-2.35,-0.93,-2.24,-2.36,-6.82,-10.44,-11.4,-12.44,-10.64,-12.44,-10.48,-13.39,-12.44,-10.48,-14.88,-10.64,-13.39,-13.39,-12.44,-6.82,-11.4,-10.64,-1.1,0.4,1.1,0.0,1.1,1.1,1.1,0.0,0.0,0.0,0.0,0.0,1.1,1.1,1.1,0.0,1.1,0.4,0.0,0.0,-38.1,0.0,1.1,4.7,5.1,6.0,6.0,5.0,6.6,6.9,5.0,6.7,6.3,6.2,7.1,6.9,4.5,4.3,4.5,0.9,0.9,4.5,4.3,4.5,6.9,7.1,6.2,6.3,6.7,5.0,6.9,6.6,5.0,6.0,6.0,5.1,4.7,1.1,0.0,-36.47,0.27
CUACCCGUGGUGGGGCCAC,GTGGCCCCACCACGGGTAG,CGTTCCCGCTCCTCGACAAGTGGCCCCACCACGGGTAGGACCAGCTCGACCTGCCGC,0.31,0,Takayuki,hela,0.16,-43.21,-210.73,-2.08,-1.33,-2.24,-3.26,-3.26,-2.36,-2.24,-2.11,-3.26,-2.24,-2.11,-3.26,-3.26,-3.26,-3.42,-3.26,-2.11,-2.24,-10.48,-7.69,-11.4,-13.39,-13.39,-10.64,-11.4,-10.44,-13.39,-11.4,-10.44,-13.39,-13.39,-13.39,-14.88,-13.39,-10.44,-11.4,-4.7,0.0,0.0,0.0,0.2,0.2,0.2,0.0,0.0,0.0,0.0,0.0,0.0,0.2,0.2,0.2,0.0,0.0,0.0,0.0,-43.3,1.6,3.1,4.5,6.7,7.1,6.2,5.8,4.8,6.6,6.7,4.8,6.6,7.1,7.1,7.2,7.2,6.6,2.8,2.1,2.1,2.8,6.6,7.2,7.2,7.1,7.1,6.6,4.8,6.7,6.6,4.8,5.8,6.2,7.1,6.7,4.5,3.1,1.6,-37.9,5.62
CGAGCUGGUCCUACCCGUG,CACGGGTAGGACCAGCTCG,CCTCGACAAGTGGCCCCACCACGGGTAGGACCAGCTCGACCTGCCGCTGCATTTGCC,0.18,0,Takayuki,hela,0.2,-40.3,-205.2,-2.36,-2.35,-2.08,-3.42,-2.08,-2.11,-3.26,-2.24,-2.35,-3.26,-2.08,-1.33,-2.24,-3.26,-3.26,-2.36,-2.24,-2.11,-10.64,-12.44,-10.48,-14.88,-10.48,-10.44,-13.39,-11.4,-12.44,-13.39,-10.48,-7.69,-11.4,-13.39,-13.39,-10.64,-11.4,-10.44,-1.6,0.0,0.0,0.0,1.0,1.0,0.0,1.6,1.6,0.9,0.0,0.0,0.0,0.9,1.0,1.6,0.0,1.2,1.0,0.0,-40.5,0.9,4.6,5.0,6.7,6.7,4.7,6.6,6.7,5.1,6.9,6.6,4.6,4.7,6.7,7.1,6.2,5.2,3.2,1.8,1.8,3.2,5.2,6.2,7.1,6.7,4.7,4.6,6.6,6.9,5.1,6.7,6.6,4.7,6.7,6.7,5.0,4.6,0.9,-38.44,3.63
AGCGGCAGGUCGAGCUGGU,ACCAGCTCGACCTGCCGCT,TGGCCCCACCACGGGTAGGACCAGCTCGACCTGCCGCTGCATTTGCCGGTGTTCAAG,0.78,1,Takayuki,hela,0.16,-41.49,-205.52,-2.08,-3.42,-2.36,-3.26,-3.42,-2.11,-2.08,-3.26,-2.24,-2.35,-2.36,-2.35,-2.08,-3.42,-2.08,-2.11,-3.26,-2.24,-10.48,-14.88,-10.64,-13.39,-14.88,-10.44,-10.48,-13.39,-11.4,-12.44,-10.64,-12.44,-10.48,-14.88,-10.48,-10.44,-13.39,-11.4,-3.8,0.0,0.0,1.4,1.4,1.4,2.3,0.0,0.0,0.0,0.0,0.0,0.0,0.0,1.4,3.8,3.6,2.3,0.0,0.0,-41.6,0.6,3.9,5.9,6.2,7.2,6.7,4.7,6.6,6.7,5.1,6.0,6.0,5.0,6.7,6.7,4.7,6.6,3.5,0.6,0.6,3.5,6.6,4.7,6.7,6.7,5.0,6.0,6.0,5.1,6.7,6.6,4.7,6.7,7.2,6.2,5.9,3.9,0.6,-37.69,1.21
UGCAGCGGCAGGUCGAGCU,AGCTCGACCTGCCGCTGCA,CCCCACCACGGGTAGGACCAGCTCGACCTGCCGCTGCATTTGCCGGTGTTCAAGTCG,0.3,0,Takayuki,hela,-0.03,-41.52,-206.05,-2.11,-3.42,-2.11,-2.08,-3.42,-2.36,-3.26,-3.42,-2.11,-2.08,-3.26,-2.24,-2.35,-2.36,-2.35,-2.08,-3.42,-2.08,-10.44,-14.88,-10.44,-10.48,-14.88,-10.64,-13.39,-14.88,-10.44,-10.48,-13.39,-11.4,-12.44,-10.64,-12.44,-10.48,-14.88,-10.48,-1.6,0.5,0.5,0.5,0.0,0.0,0.0,0.0,0.5,0.5,0.5,0.0,0.0,0.0,0.0,0.0,0.0,0.0,0.0,0.0,-41.6,0.1,3.9,6.7,4.7,6.7,6.3,6.2,7.2,6.7,4.7,6.6,6.7,5.1,6.0,6.0,5.0,6.6,3.9,0.6,0.6,3.9,6.6,5.0,6.0,6.0,5.1,6.7,6.6,4.7,6.7,7.2,6.2,6.3,6.7,4.7,6.7,3.9,0.1,-39.21,2.17
ACCGGCAAAUGCAGCGGCA,TGCCGCTGCATTTGCCGGT,GGGTAGGACCAGCTCGACCTGCCGCTGCATTTGCCGGTGTTCAAGTCGCACAGGCCG,0.7,0,Takayuki,hela,-0.13,-38.91,-196.58,-2.24,-3.26,-2.36,-3.26,-3.42,-2.11,-0.93,-0.93,-1.1,-2.11,-3.42,-2.11,-2.08,-3.42,-2.36,-3.26,-3.42,-2.11,-11.4,-13.39,-10.64,-13.39,-14.88,-10.44,-6.82,-6.82,-9.38,-10.44,-14.88,-10.44,-10.48,-14.88,-10.64,-13.39,-14.88,-10.44,-3.3,0.0,2.2,2.2,1.4,0.8,0.8,0.0,0.0,0.0,0.0,0.8,0.8,0.0,0.0,1.9,2.2,2.6,0.0,0.0,-38.8,0.6,3.5,5.9,6.2,7.2,6.7,4.2,3.7,3.9,4.4,6.7,6.7,4.7,6.7,6.3,6.2,6.8,3.9,0.1,0.1,3.9,6.8,6.2,6.3,6.7,4.7,6.7,6.7,4.4,3.9,3.7,4.2,6.7,7.2,6.2,5.9,3.5,0.6,-35.2,4.81
CUUGAACACCGGCAAAUGC,GCATTTGCCGGTGTTCAAG,ACCAGCTCGACCTGCCGCTGCATTTGCCGGTGTTCAAGTCGCACAGGCCGCTCCCGC,0.7,0,Takayuki,hela,0.89,-33.8,-187.71,-2.08,-0.93,-2.11,-2.35,-0.93,-2.24,-2.11,-2.24,-3.26,-2.36,-3.26,-3.42,-2.11,-0.93,-0.93,-1.1,-2.11,-3.42,-10.48,-6.82,-10.44,-12.44,-6.82,-11.4,-10.44,-11.4,-13.39,-10.64,-13.39,-14.88,-10.44,-6.82,-6.82,-9.38,-10.44,-14.88,0.0,0.0,0.0,0.0,0.0,0.0,0.0,0.0,0.0,0.0,0.0,0.0,0.0,0.0,0.0,0.0,0.0,0.0,0.0,0.0,-33.7,1.6,2.5,3.6,6.4,4.5,4.3,6.2,4.8,6.7,6.2,6.2,7.2,6.7,4.2,3.7,3.9,4.4,5.2,2.3,2.3,5.2,4.4,3.9,3.7,4.2,6.7,7.2,6.2,6.2,6.7,4.8,6.2,4.3,4.5,6.4,3.6,2.5,1.6,-33.32,1.3
AGCGGCCUGUGCGACUUGA,TCAAGTCGCACAGGCCGCT,CCGCTGCATTTGCCGGTGTTCAAGTCGCACAGGCCGCTCCCGCTCCCGCTACGGTGG,0.75,1,Takayuki,hela,0.27,-39.19,-198.91,-2.08,-3.42,-2.36,-3.26,-3.42,-3.26,-2.08,-2.11,-2.24,-2.11,-3.42,-2.36,-2.35,-2.24,-2.08,-0.93,-2.11,-2.35,-10.48,-14.88,-10.64,-13.39,-14.88,-13.39,-10.48,-10.44,-11.4,-10.44,-14.88,-10.64,-12.44,-11.4,-10.48,-6.82,-10.44,-12.44,-1.6,0.0,1.4,0.9,0.9,0.0,0.0,0.0,0.0,0.0,0.9,1.6,1.6,0.0,0.0,0.0,0.0,0.0,0.0,0.0,-39.2,0.6,3.9,5.9,6.2,7.2,7.2,6.6,4.7,6.2,4.8,6.7,6.3,6.0,5.1,6.2,4.2,4.2,3.7,0.4,0.4,3.7,4.2,4.2,6.2,5.1,6.0,6.3,6.7,4.8,6.2,4.7,6.6,7.2,7.2,6.2,5.9,3.9,0.6,-37.23,2.37
AAGUCCCAGUCGAACGGCA,TGCCGTTCGACTGGGACTT,CCGCTCCCGCTACGGTGGATGCCGTTCGACTGGGACTTCAAGTAGACGTGGTGGCCG,0.77,1,Takayuki,hela,0.73,-36.94,-192.28,-0.93,-2.08,-2.24,-2.35,-3.26,-3.26,-2.11,-2.08,-2.24,-2.35,-2.36,-2.35,-0.93,-2.24,-2.36,-3.26,-3.42,-2.11,-6.82,-10.48,-11.4,-12.44,-13.39,-13.39,-10.44,-10.48,-11.4,-12.44,-10.64,-12.44,-6.82,-11.4,-10.64,-13.39,-14.88,-10.44,-1.4,0.0,0.0,0.0,0.0,0.0,0.0,0.0,0.0,1.3,1.3,1.3,0.0,0.0,0.0,0.0,1.4,1.4,1.4,0.0,-37.0,0.2,1.5,4.6,5.1,6.9,7.1,6.6,4.7,6.2,5.1,6.0,6.0,4.5,4.3,5.8,6.2,6.8,3.9,0.1,0.1,3.9,6.8,6.2,5.8,4.3,4.5,6.0,6.0,5.1,6.2,4.7,6.6,7.1,6.9,5.1,4.6,1.5,0.2,-35.37,3.16
CUUGAAGUCCCAGUCGAAC,GTTCGACTGGGACTTCAAG,TCCCGCTACGGTGGATGCCGTTCGACTGGGACTTCAAGTAGACGTGGTGGCCGTTCG,0.73,1,Takayuki,hela,0.16,-34.16,-190.55,-2.08,-0.93,-2.11,-2.35,-0.93,-2.08,-2.24,-2.35,-3.26,-3.26,-2.11,-2.08,-2.24,-2.35,-2.36,-2.35,-0.93,-2.24,-10.48,-6.82,-10.44,-12.44,-6.82,-10.48,-11.4,-12.44,-13.39,-13.39,-10.44,-10.48,-11.4,-12.44,-10.64,-12.44,-6.82,-11.4,-0.4,0.0,0.4,0.4,0.4,0.4,0.0,0.0,0.0,0.0,0.0,0.0,0.0,0.0,0.4,0.4,0.4,0.4,0.0,0.0,-34.3,1.6,2.5,3.6,6.4,4.5,4.2,6.2,5.1,6.9,7.1,6.6,4.7,6.2,5.1,6.0,6.0,4.0,2.6,2.1,2.1,2.6,4.0,6.0,6.0,5.1,6.2,4.7,6.6,7.1,6.9,5.1,6.2,4.2,4.5,6.4,3.6,2.5,1.6,-33.47,2.92
CUACUUGAAGUCCCAGUCG,CGACTGGGACTTCAAGTAG,CGCTACGGTGGATGCCGTTCGACTGGGACTTCAAGTAGACGTGGTGGCCGTTCGACG,0.77,1,Takayuki,hela,-0.17,-34.29,-189.46,-2.08,-1.33,-2.24,-2.08,-0.93,-2.11,-2.35,-0.93,-2.08,-2.24,-2.35,-3.26,-3.26,-2.11,-2.08,-2.24,-2.35,-2.36,-10.48,-7.69,-11.4,-10.48,-6.82,-10.44,-12.44,-6.82,-10.48,-11.4,-12.44,-13.39,-13.39,-10.44,-10.48,-11.4,-12.44,-10.64,0.0,0.0,0.0,0.0,0.0,0.0,0.0,0.0,0.0,0.0,0.0,0.0,0.0,0.0,0.0,0.0,0.0,0.0,0.0,0.0,-34.4,1.6,3.1,4.5,6.2,4.2,4.2,6.4,4.5,4.2,6.2,5.1,6.9,7.1,6.6,4.7,6.2,5.1,4.6,0.9,0.9,4.6,5.1,6.2,4.7,6.6,7.1,6.9,5.1,6.2,4.2,4.5,6.4,4.2,4.2,6.2,4.5,3.1,1.6,-33.96,1.08
CACGUCUACUUGAAGUCCC,GGGACTTCAAGTAGACGTG,CGGTGGATGCCGTTCGACTGGGACTTCAAGTAGACGTGGTGGCCGTTCGACGGGCAC,0.81,1,Takayuki,hela,0.7,-34.45,-190.38,-2.11,-2.24,-2.36,-2.24,-2.35,-2.08,-1.33,-2.24,-2.08,-0.93,-2.11,-2.35,-0.93,-2.08,-2.24,-2.35,-3.26,-3.26,-10.44,-11.4,-10.64,-11.4,-12.44,-10.48,-7.69,-11.4,-10.48,-6.82,-10.44,-12.44,-6.82,-10.48,-11.4,-12.44,-13.39,-13.39,0.0,0.0,0.0,0.0,0.0,0.0,0.0,0.0,0.0,0.0,0.0,0.0,0.0,0.0,0.0,0.0,0.0,0.0,0.0,0.0,-34.5,1.8,3.2,5.2,5.8,5.1,6.4,4.6,4.7,6.2,4.2,4.2,6.4,4.5,4.2,6.2,5.1,6.9,5.6,2.3,2.3,5.6,6.3,5.1,6.2,4.2,4.5,6.4,4.2,4.2,6.2,4.7,4.6,6.4,5.1,5.8,5.2,3.2,1.8,-33.9,0.58
CCACGUCUACUUGAAGUCC,GGACTTCAAGTAGACGTGG,GGTGGATGCCGTTCGACTGGGACTTCAAGTAGACGTGGTGGCCGTTCGACGGGCACG,0.7,0,Takayuki,hela,0.0,-34.45,-190.38,-3.26,-2.11,-2.24,-2.36,-2.24,-2.35,-2.08,-1.33,-2.24,-2.08,-0.93,-2.11,-2.35,-0.93,-2.08,-2.24,-2.35,-3.26,-13.39,-10.44,-11.4,-10.64,-11.4,-12.44,-10.48,-7.69,-11.4,-10.48,-6.82,-10.44,-12.44,-6.82,-10.48,-11.4,-12.44,-13.39,0.0,0.0,0.0,0.0,0.0,0.0,0.0,0.0,0.0,0.0,0.0,0.0,0.0,0.0,0.0,0.0,0.0,0.0,0.0,0.0,-34.5,1.8,5.1,4.8,5.8,5.8,5.1,6.4,4.6,4.7,6.2,4.2,4.2,6.4,4.5,4.2,6.2,5.1,5.5,2.3,2.3,5.5,5.1,6.2,4.2,4.5,6.4,4.2,4.2,6.2,4.7,4.6,6.4,5.1,5.8,5.8,4.8,5.1,1.8,-33.89,0.59
UCCCGUGCCCGUCGAACGG,CCGTTCGACGGGCACGGGA,CTTCAAGTAGACGTGGTGGCCGTTCGACGGGCACGGGACCGGGTGGGAGCACTGGTG,0.31,0,Takayuki,hela,1.36,-41.43,-205.84,-2.35,-3.26,-3.26,-2.36,-2.24,-2.11,-3.42,-3.26,-3.26,-2.36,-2.24,-2.35,-2.36,-2.35,-0.93,-2.24,-2.36,-3.26,-12.44,-13.39,-13.39,-10.64,-11.4,-10.44,-14.88,-13.39,-13.39,-10.64,-11.4,-12.44,-10.64,-12.44,-6.82,-11.4,-10.64,-13.39,-3.3,0.0,0.0,1.0,1.0,1.0,1.0,0.0,0.0,0.0,0.0,0.0,0.0,0.0,0.0,0.0,1.8,3.3,3.3,2.1,-41.7,0.4,3.7,7.0,6.2,5.8,4.8,6.7,7.2,7.1,6.2,5.8,5.1,6.0,6.0,4.5,4.3,5.8,4.2,1.8,1.8,4.2,5.8,4.3,4.5,6.0,6.0,5.1,5.8,6.2,7.1,7.2,6.7,4.8,5.8,6.2,7.0,3.7,0.4,-38.23,5.11
CGGCAUCCAGUCCCACCAG,CTGGTGGGACTGGATGCCG,ACGGGACCGGGTGGGAGCACTGGTGGGACTGGATGCCGCACGTCACGAAGTCGGCGA,0.31,0,Takayuki,hela,0.17,-40.87,-208.64,-2.36,-3.26,-3.42,-2.11,-1.1,-2.35,-3.26,-2.11,-2.08,-2.24,-2.35,-3.26,-3.26,-2.11,-2.24,-3.26,-2.11,-2.08,-10.64,-13.39,-14.88,-10.44,-9.38,-12.44,-13.39,-10.44,-10.48,-11.4,-12.44,-13.39,-13.39,-10.44,-11.4,-13.39,-10.44,-10.48,-0.9,0.0,0.9,0.9,0.9,0.0,0.0,0.0,0.0,0.0,0.9,0.9,0.9,0.0,0.0,0.0,0.0,0.0,0.0,0.0,-41.1,0.9,4.7,7.2,6.7,4.4,4.7,6.9,6.6,4.7,6.2,5.1,6.9,7.1,6.6,4.8,6.7,6.5,2.7,1.6,1.6,2.7,6.5,6.7,4.8,6.6,7.1,6.9,5.1,6.2,4.7,6.6,6.9,4.7,4.4,6.7,7.2,4.7,0.9,-39.83,2.91
GUGCGGCAUCCAGUCCCAC,GTGGGACTGGATGCCGCAC,GGACCGGGTGGGAGCACTGGTGGGACTGGATGCCGCACGTCACGAAGTCGGCGATGG,0.76,1,Takayuki,hela,0.0,-41.19,-211.05,-2.24,-2.11,-3.42,-2.36,-3.26,-3.42,-2.11,-1.1,-2.35,-3.26,-2.11,-2.08,-2.24,-2.35,-3.26,-3.26,-2.11,-2.24,-11.4,-10.44,-14.88,-10.64,-13.39,-14.88,-10.44,-9.38,-12.44,-13.39,-10.44,-10.48,-11.4,-12.44,-13.39,-13.39,-10.44,-11.4,-3.6,2.1,2.7,2.7,0.0,2.9,3.6,1.5,0.0,0.0,0.0,0.0,0.0,1.5,1.1,2.9,0.0,2.7,2.7,2.1,-41.3,2.1,2.8,6.6,6.3,6.2,7.2,6.7,4.4,4.7,6.9,6.6,4.7,6.2,5.1,6.9,7.1,6.6,2.8,2.1,2.1,2.8,6.6,7.1,6.9,5.1,6.2,4.7,6.6,6.9,4.7,4.4,6.7,7.2,6.2,6.3,6.6,2.8,2.1,-37.5,4.74
UUCGUGACGUGCGGCAUCC,GGATGCCGCACGTCACGAA,TGGGAGCACTGGTGGGACTGGATGCCGCACGTCACGAAGTCGGCGATGGGGCTGGTG,0.72,1,Takayuki,hela,2.33,-38.03,-200.17,-0.93,-2.35,-2.36,-2.24,-2.11,-2.35,-2.24,-2.36,-2.24,-2.11,-3.42,-2.36,-3.26,-3.42,-2.11,-1.1,-2.35,-3.26,-6.82,-12.44,-10.64,-11.4,-10.44,-12.44,-11.4,-10.64,-11.4,-10.44,-14.88,-10.64,-13.39,-14.88,-10.44,-9.38,-12.44,-13.39,-1.2,0.0,0.2,1.2,1.2,1.2,0.0,0.0,0.0,0.0,0.0,1.2,1.2,1.2,0.2,0.0,0.0,0.0,0.0,0.0,-38.2,0.0,1.4,3.8,5.8,4.8,6.4,5.1,5.8,5.8,4.8,6.7,6.3,6.2,7.2,6.7,4.4,4.7,5.5,2.3,2.3,5.5,4.7,4.4,6.7,7.2,6.2,6.3,6.7,4.8,5.8,5.8,5.1,6.4,4.8,5.8,3.8,1.4,0.0,-36.41,2.06
UUCAGCACGACGAAGUACA,TGTACTTCGTCGTGCTGAA,AAGTCGGCGATGGGGCTGGTGTACTTCGTCGTGCTGAAGAAGTTCAGGCGGTACGGG,0.84,1,Takayuki,hela,0.73,-32.84,-181.64,-0.93,-2.35,-2.11,-2.08,-3.42,-2.11,-2.24,-2.36,-2.35,-2.24,-2.36,-2.35,-0.93,-2.08,-2.24,-1.33,-2.24,-2.11,-6.82,-12.44,-10.44,-10.48,-14.88,-10.44,-11.4,-10.64,-12.44,-11.4,-10.64,-12.44,-6.82,-10.48,-11.4,-7.69,-11.4,-10.44,0.0,0.0,0.0,0.0,0.0,0.0,0.0,0.0,0.0,0.0,0.0,0.0,0.0,0.0,0.0,0.0,0.0,0.0,0.0,0.0,-32.8,0.0,1.4,4.7,4.7,6.7,6.7,4.8,5.8,6.0,5.1,5.8,6.0,4.5,4.2,6.2,4.7,4.7,3.7,0.1,0.1,3.7,4.7,4.7,6.2,4.2,4.5,6.0,5.8,5.1,6.0,5.8,4.8,6.7,6.7,4.7,4.7,1.4,0.0,-32.25,2.92
CCUGAACUUCUUCAGCACG,CGTGCTGAAGAAGTTCAGG,TGGGGCTGGTGTACTTCGTCGTGCTGAAGAAGTTCAGGCGGTACGGGCTTCCGATGC,0.8,1,Takayuki,hela,-0.9,-33.92,-189.12,-3.26,-2.08,-2.11,-2.35,-0.93,-2.24,-2.08,-0.93,-2.35,-2.08,-0.93,-2.35,-2.11,-2.08,-3.42,-2.11,-2.24,-2.36,-13.39,-10.48,-10.44,-12.44,-6.82,-11.4,-10.48,-6.82,-12.44,-10.48,-6.82,-12.44,-10.44,-10.48,-14.88,-10.44,-11.4,-10.64,-2.8,0.0,2.3,2.8,2.8,1.9,0.4,0.0,0.0,0.0,0.0,0.4,1.9,2.8,2.8,2.3,0.0,0.0,0.0,0.0,-34.0,1.8,4.9,4.7,6.4,4.5,4.3,6.2,4.2,4.5,6.4,4.2,4.5,6.4,4.7,6.7,6.7,4.8,4.5,0.9,0.9,4.5,4.8,6.7,6.7,4.7,6.4,4.5,4.2,6.4,4.5,4.2,6.2,4.3,4.5,6.4,4.7,4.9,1.8,-30.9,4.48
CCUGCAUCGGAAGCCCGUA,TACGGGCTTCCGATGCAGG,GCTGAAGAAGTTCAGGCGGTACGGGCTTCCGATGCAGGTCCTCGCGTGGTAGAAGAA,0.18,0,Takayuki,hela,-1.93,-38.74,-199.28,-3.26,-2.08,-2.11,-3.42,-2.11,-1.1,-2.35,-2.36,-3.26,-2.35,-0.93,-2.08,-3.42,-3.26,-3.26,-2.36,-2.24,-1.33,-13.39,-10.48,-10.44,-14.88,-10.44,-9.38,-12.44,-10.64,-13.39,-12.44,-6.82,-10.48,-14.88,-13.39,-13.39,-10.64,-11.4,-7.69,-2.3,0.0,0.0,0.0,0.0,0.0,0.0,0.0,1.6,2.3,2.3,0.0,0.0,0.0,0.0,1.9,1.9,1.6,0.0,0.0,-38.9,1.8,4.9,4.7,6.7,6.7,4.4,4.7,6.0,6.2,6.9,4.5,4.2,6.7,7.2,7.1,6.2,3.9,1.9,0.5,0.5,1.9,3.9,6.2,7.1,7.2,6.7,4.2,4.5,6.9,6.2,6.0,4.7,4.4,6.7,6.7,4.7,4.9,1.8,-36.46,2.83
AACUUCUUCUACCACGCGA,TCGCGTGGTAGAAGAAGTT,GGGCTTCCGATGCAGGTCCTCGCGTGGTAGAAGAAGTTCCTGCTGCCGTTGATGTTC,0.76,1,Takayuki,hela,0.97,-32.65,-180.05,-0.93,-2.24,-2.08,-0.93,-2.35,-2.08,-0.93,-2.35,-2.08,-1.33,-2.24,-3.26,-2.11,-2.24,-2.36,-3.42,-2.36,-2.35,-6.82,-11.4,-10.48,-6.82,-12.44,-10.48,-6.82,-12.44,-10.48,-7.69,-11.4,-13.39,-10.44,-11.4,-10.64,-14.88,-10.64,-12.44,0.0,0.0,0.0,0.0,0.0,0.0,0.0,0.0,0.0,0.0,0.0,0.0,0.0,0.0,0.0,0.0,0.0,0.0,0.0,0.0,-32.6,0.2,1.5,4.2,4.2,4.5,6.4,4.2,4.5,6.4,4.6,4.7,6.7,6.6,4.8,5.8,6.3,6.3,2.8,0.4,0.4,2.8,6.3,6.3,5.8,4.8,6.6,6.7,4.7,4.6,6.4,4.5,4.2,6.4,4.5,4.2,4.2,1.5,0.2,-32.56,0.34
AGCAGGAACUUCUUCUACC,GGTAGAAGAAGTTCCTGCT,CCGATGCAGGTCCTCGCGTGGTAGAAGAAGTTCCTGCTGCCGTTGATGTTCTGGGCG,0.84,1,Takayuki,hela,1.63,-33.56,-185.44,-2.08,-3.42,-2.11,-2.08,-3.26,-2.35,-0.93,-2.24,-2.08,-0.93,-2.35,-2.08,-0.93,-2.35,-2.08,-1.33,-2.24,-3.26,-10.48,-14.88,-10.44,-10.48,-13.39,-12.44,-6.82,-11.4,-10.48,-6.82,-12.44,-10.48,-6.82,-12.44,-10.48,-7.69,-11.4,-13.39,-0.5,0.0,0.0,0.0,0.0,0.5,0.5,0.5,0.4,0.0,0.0,0.0,0.0,0.4,0.5,0.5,0.5,0.0,0.0,0.0,-33.6,0.6,3.9,6.7,4.7,6.6,6.9,4.5,4.3,6.2,4.2,4.5,6.4,4.2,4.5,6.4,4.6,4.7,5.4,2.3,2.3,5.4,4.7,4.6,6.4,4.5,4.2,6.4,4.5,4.2,6.2,4.3,4.5,6.9,6.6,4.7,6.7,3.9,0.6,-32.2,3.24
AUCAACGGCAGCAGGAACU,AGTTCCTGCTGCCGTTGAT,GTCCTCGCGTGGTAGAAGAAGTTCCTGCTGCCGTTGATGTTCTGGGCGCGGCTCCAC,0.74,1,Takayuki,hela,0.53,-35.44,-189.59,-1.1,-2.35,-2.11,-0.93,-2.24,-2.36,-3.26,-3.42,-2.11,-2.08,-3.42,-2.11,-2.08,-3.26,-2.35,-0.93,-2.24,-2.08,-9.38,-12.44,-10.44,-6.82,-11.4,-10.64,-13.39,-14.88,-10.44,-10.48,-14.88,-10.44,-10.48,-13.39,-12.44,-6.82,-11.4,-10.48,0.0,0.0,0.0,0.0,0.0,0.0,0.0,0.0,0.0,0.0,0.0,0.0,0.0,0.0,0.0,0.0,0.0,0.0,0.0,0.0,-35.4,0.5,1.5,4.8,4.2,4.3,5.8,6.2,7.2,6.7,4.7,6.7,6.7,4.7,6.6,6.9,4.5,4.2,3.7,0.6,0.6,3.7,4.2,4.5,6.9,6.6,4.7,6.7,6.7,4.7,6.7,7.2,6.2,5.8,4.3,4.2,4.8,1.5,0.5,-35.36,0.62
GAAGUGGAGCCGCGCCCAG,CTGGGCGCGGCTCCACTTC,TCCTGCTGCCGTTGATGTTCTGGGCGCGGCTCCACTTCAAGCTCCCGCTGTGGGACC,0.73,1,Takayuki,hela,-0.27,-42.26,-211.29,-2.35,-0.93,-2.08,-2.24,-2.11,-3.26,-2.35,-2.08,-3.42,-3.26,-2.36,-3.42,-2.36,-3.42,-3.26,-3.26,-2.11,-2.08,-12.44,-6.82,-10.48,-11.4,-10.44,-13.39,-12.44,-10.48,-14.88,-13.39,-10.64,-14.88,-10.64,-14.88,-13.39,-13.39,-10.44,-10.48,-3.2,0.0,0.0,0.0,0.0,0.9,3.2,1.5,0.0,1.5,1.5,0.0,0.0,0.0,1.5,1.5,1.5,1.5,0.9,0.0,-42.5,2.2,3.1,4.2,6.2,4.8,6.6,6.9,5.0,6.7,7.2,6.2,6.3,6.3,6.3,7.2,7.1,6.5,2.7,1.6,1.6,2.7,6.5,7.1,7.2,6.3,6.3,6.3,6.2,7.2,6.7,5.0,6.9,6.6,4.8,6.2,4.2,3.1,2.2,-39.05,3.52
UACGCCAAGUGGUCCCACA,TGTGGGACCACTTGGCGTA,CTCCACTTCAAGCTCCCGCTGTGGGACCACTTGGCGTAGCTCGACTTCCCGTAGCTG,0.77,1,Takayuki,hela,0.33,-37.92,-192.82,-1.33,-2.24,-2.36,-3.42,-3.26,-2.11,-0.93,-2.08,-2.24,-2.11,-3.26,-2.24,-2.35,-3.26,-3.26,-2.11,-2.24,-2.11,-7.69,-11.4,-10.64,-14.88,-13.39,-10.44,-6.82,-10.48,-11.4,-10.44,-13.39,-11.4,-12.44,-13.39,-13.39,-10.44,-11.4,-10.44,-1.8,0.0,0.0,0.0,0.1,0.1,0.1,0.0,0.0,0.0,0.0,1.8,0.1,0.1,0.0,0.0,0.0,0.0,0.0,0.0,-37.8,0.5,1.9,3.9,6.3,7.2,6.6,4.2,4.2,6.2,4.8,6.6,6.7,5.1,6.9,7.1,6.6,4.4,3.7,0.1,0.1,3.7,4.4,6.6,7.1,6.9,5.1,6.7,6.6,4.8,6.2,4.2,4.2,6.6,7.2,6.3,3.9,1.9,0.5,-35.52,1.76
AGCUACGCCAAGUGGUCCC,GGGACCACTTGGCGTAGCT,CACTTCAAGCTCCCGCTGTGGGACCACTTGGCGTAGCTCGACTTCCCGTAGCTGAAG,0.85,1,Takayuki,hela,1.63,-39.49,-200.1,-2.08,-3.42,-2.08,-1.33,-2.24,-2.36,-3.42,-3.26,-2.11,-0.93,-2.08,-2.24,-2.11,-3.26,-2.24,-2.35,-3.26,-3.26,-10.48,-14.88,-10.48,-7.69,-11.4,-10.64,-14.88,-13.39,-10.44,-6.82,-10.48,-11.4,-10.44,-13.39,-11.4,-12.44,-13.39,-13.39,-4.6,0.0,1.6,2.8,2.8,2.8,2.8,0.0,0.0,0.0,0.0,0.0,2.8,2.8,4.3,4.3,1.6,0.0,0.0,0.0,-39.5,0.6,3.9,6.6,4.6,4.7,5.8,6.3,7.2,6.6,4.2,4.2,6.2,4.8,6.6,6.7,5.1,6.9,5.6,2.3,2.3,5.6,6.3,5.1,6.7,6.6,4.8,6.2,4.2,4.2,6.6,7.2,6.3,5.8,4.7,4.6,6.6,3.9,0.6,-34.85,0.91
ACGGGAAGUCGAGCUACGC,GCGTAGCTCGACTTCCCGT,CCCGCTGTGGGACCACTTGGCGTAGCTCGACTTCCCGTAGCTGAAGTTCCTCCTGCC,0.83,1,Takayuki,hela,1.63,-38.17,-198.6,-2.24,-2.36,-3.26,-3.26,-2.35,-0.93,-2.08,-2.24,-2.35,-2.36,-2.35,-2.08,-3.42,-2.08,-1.33,-2.24,-2.36,-3.42,-11.4,-10.64,-13.39,-13.39,-12.44,-6.82,-10.48,-11.4,-12.44,-10.64,-12.44,-10.48,-14.88,-10.48,-7.69,-11.4,-10.64,-14.88,-0.5,0.0,0.5,0.5,0.5,0.0,0.0,0.0,0.0,0.5,0.5,0.5,0.0,0.0,0.0,0.0,0.0,0.0,0.0,0.0,-38.3,0.6,2.6,6.2,7.1,6.9,4.5,4.2,6.2,5.1,6.0,6.0,5.0,6.7,6.7,4.6,4.7,5.8,4.3,2.3,2.3,4.3,5.8,4.7,4.6,6.7,6.7,5.0,6.0,6.0,5.1,6.2,4.2,4.5,6.9,7.1,6.2,2.6,0.6,-37.21,0.63
ACUUCAGCUACGGGAAGUC,GACTTCCCGTAGCTGAAGT,GGACCACTTGGCGTAGCTCGACTTCCCGTAGCTGAAGTTCCTCCTGCCGTTGTAGGA,0.76,1,Takayuki,hela,1.01,-35.15,-190.18,-2.24,-2.08,-0.93,-2.35,-2.11,-2.08,-3.42,-2.08,-1.33,-2.24,-2.36,-3.26,-3.26,-2.35,-0.93,-2.08,-2.24,-2.35,-11.4,-10.48,-6.82,-12.44,-10.44,-10.48,-14.88,-10.48,-7.69,-11.4,-10.64,-13.39,-13.39,-12.44,-6.82,-10.48,-11.4,-12.44,-3.1,0.7,3.1,3.1,3.1,3.1,0.0,0.0,0.0,0.0,0.0,0.0,0.0,0.0,3.1,3.1,3.1,3.1,0.7,0.0,-35.2,0.6,3.3,4.2,4.5,6.4,4.7,6.7,6.7,4.6,4.7,5.8,6.2,7.1,6.9,4.5,4.2,6.2,3.5,2.2,2.2,3.5,6.2,4.2,4.5,6.9,7.1,6.2,5.8,4.7,4.6,6.7,6.7,4.7,6.4,4.5,4.2,3.3,0.6,-31.92,2.92
AGGAACUUCAGCUACGGGA,TCCCGTAGCTGAAGTTCCT,CACTTGGCGTAGCTCGACTTCCCGTAGCTGAAGTTCCTCCTGCCGTTGTAGGACCCC,0.82,1,Takayuki,hela,0.27,-35.72,-188.45,-2.08,-3.26,-2.35,-0.93,-2.24,-2.08,-0.93,-2.35,-2.11,-2.08,-3.42,-2.08,-1.33,-2.24,-2.36,-3.26,-3.26,-2.35,-10.48,-13.39,-12.44,-6.82,-11.4,-10.48,-6.82,-12.44,-10.44,-10.48,-14.88,-10.48,-7.69,-11.4,-10.64,-13.39,-13.39,-12.44,0.0,0.0,0.0,0.0,0.0,0.0,0.0,0.0,0.0,0.0,0.0,0.0,0.0,0.0,0.0,0.0,0.0,0.0,0.0,0.0,-35.8,0.6,3.9,6.9,4.5,4.3,6.2,4.2,4.5,6.4,4.7,6.7,6.7,4.6,4.7,5.8,6.2,7.0,3.7,0.4,0.4,3.7,7.0,6.2,5.8,4.7,4.6,6.7,6.7,4.7,6.4,4.5,4.2,6.2,4.3,4.5,6.8,3.9,0.6,-35.49,0.14
GGAGGAACUUCAGCUACGG,CCGTAGCTGAAGTTCCTCC,CTTGGCGTAGCTCGACTTCCCGTAGCTGAAGTTCCTCCTGCCGTTGTAGGACCCCGT,0.85,1,Takayuki,hela,0.0,-36.62,-195.89,-3.26,-2.35,-2.08,-3.26,-2.35,-0.93,-2.24,-2.08,-0.93,-2.35,-2.11,-2.08,-3.42,-2.08,-1.33,-2.24,-2.36,-3.26,-13.39,-12.44,-10.48,-13.39,-12.44,-6.82,-11.4,-10.48,-6.82,-12.44,-10.44,-10.48,-14.88,-10.48,-7.69,-11.4,-10.64,-13.39,-1.2,1.2,1.2,1.2,1.2,0.0,0.0,0.0,1.2,1.2,1.2,1.2,0.0,0.0,0.0,0.0,0.0,0.0,0.0,0.0,-36.8,2.3,5.5,5.0,6.6,6.9,4.5,4.3,6.2,4.2,4.5,6.4,4.7,6.7,6.7,4.6,4.7,5.8,4.2,1.8,1.8,4.2,5.8,4.7,4.6,6.7,6.7,4.7,6.4,4.5,4.2,6.2,4.3,4.5,6.9,6.6,5.0,5.5,2.3,-35.38,0.15
CUACAACGGCAGGAGGAAC,GTTCCTCCTGCCGTTGTAG,TCGACTTCCCGTAGCTGAAGTTCCTCCTGCCGTTGTAGGACCCCGTGTTCGACCTCA,0.73,1,Takayuki,hela,0.16,-36.54,-194.81,-2.08,-1.33,-2.24,-2.11,-0.93,-2.24,-2.36,-3.26,-3.42,-2.11,-2.08,-3.26,-2.35,-2.08,-3.26,-2.35,-0.93,-2.24,-10.48,-7.69,-11.4,-10.44,-6.82,-11.4,-10.64,-13.39,-14.88,-10.44,-10.48,-13.39,-12.44,-10.48,-13.39,-12.44,-6.82,-11.4,0.0,0.0,0.0,0.0,0.0,0.0,0.0,0.0,0.0,0.0,0.0,0.0,0.0,0.0,0.0,0.0,0.0,0.0,0.0,0.0,-36.6,1.6,3.1,4.5,6.2,4.2,4.3,5.8,6.2,7.2,6.7,4.7,6.6,6.9,5.0,6.6,6.9,4.0,2.6,2.1,2.1,2.6,4.0,6.9,6.6,5.0,6.9,6.6,4.7,6.7,7.2,6.2,5.8,4.3,4.2,6.2,4.5,3.1,1.6,-36.54,1.23
GAACACGGGGUCCUACAAC,GTTGTAGGACCCCGTGTTC,AGCTGAAGTTCCTCCTGCCGTTGTAGGACCCCGTGTTCGACCTCATGTTGATGTTGT,0.79,1,Takayuki,hela,-0.11,-36.7,-195.16,-2.35,-0.93,-2.24,-2.11,-2.24,-2.36,-3.26,-3.26,-3.26,-2.24,-2.35,-3.26,-2.08,-1.33,-2.24,-2.11,-0.93,-2.24,-12.44,-6.82,-11.4,-10.44,-11.4,-10.64,-13.39,-13.39,-13.39,-11.4,-12.44,-13.39,-10.48,-7.69,-11.4,-10.44,-6.82,-11.4,0.0,0.0,0.0,0.0,0.0,0.0,0.0,0.0,0.0,0.0,0.0,0.0,0.0,0.0,0.0,0.0,0.0,0.0,0.0,0.0,-36.7,2.2,3.1,4.3,6.2,4.8,5.8,6.2,7.1,7.1,6.7,5.1,6.9,6.6,4.6,4.7,6.2,3.7,2.6,2.1,2.1,2.6,3.7,6.2,4.7,4.6,6.6,6.9,5.1,6.7,7.1,7.1,6.2,5.8,4.8,6.2,4.3,3.1,2.2,-36.42,0.87
AACAUGAGGUCGAACACGG,CCGTGTTCGACCTCATGTT,CTCCTGCCGTTGTAGGACCCCGTGTTCGACCTCATGTTGATGTTGTCGGTGTTGCAG,0.92,1,Takayuki,hela,2.33,-34.08,-188.47,-0.93,-2.24,-2.11,-1.1,-2.11,-2.35,-2.08,-3.26,-2.24,-2.35,-2.36,-2.35,-0.93,-2.24,-2.11,-2.24,-2.36,-3.26,-6.82,-11.4,-10.44,-9.38,-10.44,-12.44,-10.48,-13.39,-11.4,-12.44,-10.64,-12.44,-6.82,-11.4,-10.44,-11.4,-10.64,-13.39,0.0,0.0,0.0,0.0,0.0,0.0,0.0,0.0,0.0,0.0,0.0,0.0,0.0,0.0,0.0,0.0,0.0,0.0,0.0,0.0,-34.1,0.2,1.5,4.4,4.4,4.4,6.4,5.0,6.6,6.7,5.1,6.0,6.0,4.5,4.3,6.2,4.8,5.8,4.2,1.8,1.8,4.2,5.8,4.8,6.2,4.3,4.5,6.0,6.0,5.1,6.7,6.6,5.0,6.4,4.4,4.4,4.4,1.5,0.2,-33.71,2.07
UCAACAUGAGGUCGAACAC,GTGTTCGACCTCATGTTGA,CCTGCCGTTGTAGGACCCCGTGTTCGACCTCATGTTGATGTTGTCGGTGTTGCAGAT,0.75,1,Takayuki,hela,0.79,-32.92,-187.32,-2.35,-2.11,-0.93,-2.24,-2.11,-1.1,-2.11,-2.35,-2.08,-3.26,-2.24,-2.35,-2.36,-2.35,-0.93,-2.24,-2.11,-2.24,-12.44,-10.44,-6.82,-11.4,-10.44,-9.38,-10.44,-12.44,-10.48,-13.39,-11.4,-12.44,-10.64,-12.44,-6.82,-11.4,-10.44,-11.4,0.0,0.0,0.0,0.0,0.0,0.0,0.0,0.0,0.0,0.0,0.0,0.0,0.0,0.0,0.0,0.0,0.0,0.0,0.0,0.0,-32.9,0.4,3.7,4.2,4.3,6.2,4.4,4.4,6.4,5.0,6.6,6.7,5.1,6.0,6.0,4.5,4.3,6.2,2.8,2.1,2.1,2.8,6.2,4.3,4.5,6.0,6.0,5.1,6.7,6.6,5.0,6.4,4.4,4.4,6.2,4.3,4.2,3.7,0.4,-32.49,2.34
ACAUCAACAUGAGGUCGAA,TTCGACCTCATGTTGATGT,GCCGTTGTAGGACCCCGTGTTCGACCTCATGTTGATGTTGTCGGTGTTGCAGATATA,0.76,1,Takayuki,hela,-0.86,-31.33,-181.58,-2.24,-2.11,-1.1,-2.35,-2.11,-0.93,-2.24,-2.11,-1.1,-2.11,-2.35,-2.08,-3.26,-2.24,-2.35,-2.36,-2.35,-0.93,-11.4,-10.44,-9.38,-12.44,-10.44,-6.82,-11.4,-10.44,-9.38,-10.44,-12.44,-10.48,-13.39,-11.4,-12.44,-10.64,-12.44,-6.82,0.0,0.0,0.0,0.0,0.0,0.0,0.0,0.0,0.0,0.0,0.0,0.0,0.0,0.0,0.0,0.0,0.0,0.0,0.0,0.0,-31.4,0.6,3.5,4.4,4.7,6.4,4.2,4.3,6.2,4.4,4.4,6.4,5.0,6.6,6.7,5.1,6.0,3.8,1.4,0.0,0.0,1.4,3.8,6.0,5.1,6.7,6.6,5.0,6.4,4.4,4.4,6.2,4.3,4.2,6.4,4.7,4.4,3.5,0.6,-30.77,2.81
AACAUCAACAUGAGGUCGA,TCGACCTCATGTTGATGTT,CCGTTGTAGGACCCCGTGTTCGACCTCATGTTGATGTTGTCGGTGTTGCAGATATAG,0.83,1,Takayuki,hela,0.97,-31.33,-181.58,-0.93,-2.24,-2.11,-1.1,-2.35,-2.11,-0.93,-2.24,-2.11,-1.1,-2.11,-2.35,-2.08,-3.26,-2.24,-2.35,-2.36,-2.35,-6.82,-11.4,-10.44,-9.38,-12.44,-10.44,-6.82,-11.4,-10.44,-9.38,-10.44,-12.44,-10.48,-13.39,-11.4,-12.44,-10.64,-12.44,0.0,0.0,0.0,0.0,0.0,0.0,0.0,0.0,0.0,0.0,0.0,0.0,0.0,0.0,0.0,0.0,0.0,0.0,0.0,0.0,-31.3,0.2,1.5,4.4,4.4,4.7,6.4,4.2,4.3,6.2,4.4,4.4,6.4,5.0,6.6,6.7,5.1,6.0,2.8,0.4,0.4,2.8,6.0,5.1,6.7,6.6,5.0,6.4,4.4,4.4,6.2,4.3,4.2,6.4,4.7,4.4,4.4,1.5,0.2,-30.56,2.69
CAACAUCAACAUGAGGUCG,CGACCTCATGTTGATGTTG,CGTTGTAGGACCCCGTGTTCGACCTCATGTTGATGTTGTCGGTGTTGCAGATATAGT,0.71,0,Takayuki,hela,-0.2,-31.99,-187.02,-2.11,-0.93,-2.24,-2.11,-1.1,-2.35,-2.11,-0.93,-2.24,-2.11,-1.1,-2.11,-2.35,-2.08,-3.26,-2.24,-2.35,-2.36,-10.44,-6.82,-11.4,-10.44,-9.38,-12.44,-10.44,-6.82,-11.4,-10.44,-9.38,-10.44,-12.44,-10.48,-13.39,-11.4,-12.44,-10.64,0.0,0.0,0.0,0.0,0.0,0.0,0.0,0.0,0.0,0.0,0.0,0.0,0.0,0.0,0.0,0.0,0.0,0.0,0.0,0.0,-32.0,1.8,2.8,4.1,6.2,4.4,4.7,6.4,4.2,4.3,6.2,4.4,4.4,6.4,5.0,6.6,6.7,5.1,4.6,0.9,0.9,4.6,5.1,6.7,6.6,5.0,6.4,4.4,4.4,6.2,4.3,4.2,6.4,4.7,4.4,6.2,4.1,2.8,1.8,-31.3,2.75
ACAACAUCAACAUGAGGUC,GACCTCATGTTGATGTTGT,GTTGTAGGACCCCGTGTTCGACCTCATGTTGATGTTGTCGGTGTTGCAGATATAGTA,0.78,1,Takayuki,hela,1.01,-31.42,-184.06,-2.24,-2.11,-0.93,-2.24,-2.11,-1.1,-2.35,-2.11,-0.93,-2.24,-2.11,-1.1,-2.11,-2.35,-2.08,-3.26,-2.24,-2.35,-11.4,-10.44,-6.82,-11.4,-10.44,-9.38,-12.44,-10.44,-6.82,-11.4,-10.44,-9.38,-10.44,-12.44,-10.48,-13.39,-11.4,-12.44,0.0,0.0,0.0,0.0,0.0,0.0,0.0,0.0,0.0,0.0,0.0,0.0,0.0,0.0,0.0,0.0,0.0,0.0,0.0,0.0,-31.3,0.6,3.5,4.2,4.3,6.2,4.4,4.7,6.4,4.2,4.3,6.2,4.4,4.4,6.4,5.0,6.6,6.4,3.5,2.2,2.2,3.5,6.4,6.6,5.0,6.4,4.4,4.4,6.2,4.3,4.2,6.4,4.7,4.4,6.2,4.3,4.2,3.5,0.6,-30.47,1.82
CGACAACAUCAACAUGAGG,CCTCATGTTGATGTTGTCG,TGTAGGACCCCGTGTTCGACCTCATGTTGATGTTGTCGGTGTTGCAGATATAGTACC,0.76,1,Takayuki,hela,0.9,-31.99,-187.02,-2.36,-2.35,-2.24,-2.11,-0.93,-2.24,-2.11,-1.1,-2.35,-2.11,-0.93,-2.24,-2.11,-1.1,-2.11,-2.35,-2.08,-3.26,-10.64,-12.44,-11.4,-10.44,-6.82,-11.4,-10.44,-9.38,-12.44,-10.44,-6.82,-11.4,-10.44,-9.38,-10.44,-12.44,-10.48,-13.39,0.0,0.0,0.0,0.0,0.0,0.0,0.0,0.0,0.0,0.0,0.0,0.0,0.0,0.0,0.0,0.0,0.0,0.0,0.0,0.0,-32.0,0.9,4.6,5.1,6.2,4.2,4.3,6.2,4.4,4.7,6.4,4.2,4.3,6.2,4.4,4.4,6.4,5.0,4.9,1.8,1.8,4.9,5.0,6.4,4.4,4.4,6.2,4.3,4.2,6.4,4.7,4.4,6.2,4.3,4.2,6.2,5.1,4.6,0.9,-31.72,0.64
ACCGACAACAUCAACAUGA,TCATGTTGATGTTGTCGGT,TAGGACCCCGTGTTCGACCTCATGTTGATGTTGTCGGTGTTGCAGATATAGTACCGG,0.83,1,Takayuki,hela,0.11,-31.25,-180.5,-2.24,-3.26,-2.36,-2.35,-2.24,-2.11,-0.93,-2.24,-2.11,-1.1,-2.35,-2.11,-0.93,-2.24,-2.11,-1.1,-2.11,-2.35,-11.4,-13.39,-10.64,-12.44,-11.4,-10.44,-6.82,-11.4,-10.44,-9.38,-12.44,-10.44,-6.82,-11.4,-10.44,-9.38,-10.44,-12.44,0.0,0.0,0.0,0.0,0.0,0.0,0.0,0.0,0.0,0.0,0.0,0.0,0.0,0.0,0.0,0.0,0.0,0.0,0.0,0.0,-31.1,0.6,3.5,5.9,6.0,5.1,6.2,4.2,4.3,6.2,4.4,4.7,6.4,4.2,4.3,6.2,4.4,4.4,3.7,0.4,0.4,3.7,4.4,4.4,6.2,4.3,4.2,6.4,4.7,4.4,6.2,4.3,4.2,6.2,5.1,6.0,5.9,3.5,0.6,-30.88,0.93
CACCGACAACAUCAACAUG,CATGTTGATGTTGTCGGTG,AGGACCCCGTGTTCGACCTCATGTTGATGTTGTCGGTGTTGCAGATATAGTACCGGC,0.77,1,Takayuki,hela,0.0,-31.91,-185.94,-2.11,-2.24,-3.26,-2.36,-2.35,-2.24,-2.11,-0.93,-2.24,-2.11,-1.1,-2.35,-2.11,-0.93,-2.24,-2.11,-1.1,-2.11,-10.44,-11.4,-13.39,-10.64,-12.44,-11.4,-10.44,-6.82,-11.4,-10.44,-9.38,-12.44,-10.44,-6.82,-11.4,-10.44,-9.38,-10.44,0.0,0.0,0.0,0.0,0.0,0.0,0.0,0.0,0.0,0.0,0.0,0.0,0.0,0.0,0.0,0.0,0.0,0.0,0.0,0.0,-31.8,1.8,3.2,6.1,6.2,6.0,5.1,6.2,4.2,4.3,6.2,4.4,4.7,6.4,4.2,4.3,6.2,3.8,3.1,1.8,1.8,3.1,3.8,6.2,4.3,4.2,6.4,4.7,4.4,6.2,4.3,4.2,6.2,5.1,6.0,6.2,6.1,3.2,1.8,-31.71,0.97
AACACCGACAACAUCAACA,TGTTGATGTTGTCGGTGTT,GACCCCGTGTTCGACCTCATGTTGATGTTGTCGGTGTTGCAGATATAGTACCGGCTG,0.71,0,Takayuki,hela,0.73,-30.97,-176.9,-0.93,-2.24,-2.11,-2.24,-3.26,-2.36,-2.35,-2.24,-2.11,-0.93,-2.24,-2.11,-1.1,-2.35,-2.11,-0.93,-2.24,-2.11,-6.82,-11.4,-10.44,-11.4,-13.39,-10.64,-12.44,-11.4,-10.44,-6.82,-11.4,-10.44,-9.38,-12.44,-10.44,-6.82,-11.4,-10.44,0.0,0.0,0.0,0.0,0.0,0.0,0.0,0.0,0.0,0.0,0.0,0.0,0.0,0.0,0.0,0.0,0.0,0.0,0.0,0.0,-30.7,0.2,1.5,4.4,4.8,6.7,6.2,6.0,5.1,6.2,4.2,4.3,6.2,4.4,4.7,6.4,4.2,4.2,3.7,0.1,0.1,3.7,4.2,4.2,6.4,4.7,4.4,6.2,4.3,4.2,6.2,5.1,6.0,6.2,6.7,4.8,4.4,1.5,0.2,-30.66,0.81
GCAACACCGACAACAUCAA,TTGATGTTGTCGGTGTTGC,CCCCGTGTTCGACCTCATGTTGATGTTGTCGGTGTTGCAGATATAGTACCGGCTGTT,0.7,0,Takayuki,hela,-2.49,-32.6,-184.1,-3.42,-2.11,-0.93,-2.24,-2.11,-2.24,-3.26,-2.36,-2.35,-2.24,-2.11,-0.93,-2.24,-2.11,-1.1,-2.35,-2.11,-0.93,-14.88,-10.44,-6.82,-11.4,-10.44,-11.4,-13.39,-10.64,-12.44,-11.4,-10.44,-6.82,-11.4,-10.44,-9.38,-12.44,-10.44,-6.82,0.0,0.0,0.0,0.0,0.0,0.0,0.0,0.0,0.0,0.0,0.0,0.0,0.0,0.0,0.0,0.0,0.0,0.0,0.0,0.0,-32.5,2.3,5.2,4.2,4.3,6.2,4.8,6.7,6.2,6.0,5.1,6.2,4.2,4.3,6.2,4.4,4.7,4.8,1.1,0.0,0.0,1.1,4.8,4.7,4.4,6.2,4.3,4.2,6.2,5.1,6.0,6.2,6.7,4.8,6.2,4.3,4.2,5.2,2.3,-32.46,0.76
UCUGCAACACCGACAACAU,ATGTTGTCGGTGTTGCAGA,CGTGTTCGACCTCATGTTGATGTTGTCGGTGTTGCAGATATAGTACCGGCTGTTCGT,0.81,1,Takayuki,hela,-0.8,-33.3,-184.04,-2.35,-2.08,-2.11,-3.42,-2.11,-0.93,-2.24,-2.11,-2.24,-3.26,-2.36,-2.35,-2.24,-2.11,-0.93,-2.24,-2.11,-1.1,-12.44,-10.48,-10.44,-14.88,-10.44,-6.82,-11.4,-10.44,-11.4,-13.39,-10.64,-12.44,-11.4,-10.44,-6.82,-11.4,-10.44,-9.38,0.0,0.0,0.0,0.0,0.0,0.0,0.0,0.0,0.0,0.0,0.0,0.0,0.0,0.0,0.0,0.0,0.0,0.0,0.0,0.0,-33.1,0.4,3.5,4.6,6.7,6.7,4.2,4.3,6.2,4.8,6.7,6.2,6.0,5.1,6.2,4.2,4.3,4.8,1.2,0.5,0.5,1.2,4.8,4.3,4.2,6.2,5.1,6.0,6.2,6.7,4.8,6.2,4.3,4.2,6.7,6.7,4.6,3.5,0.4,-33.06,0.66
CUAUAUCUGCAACACCGAC,GTCGGTGTTGCAGATATAG,TCGACCTCATGTTGATGTTGTCGGTGTTGCAGATATAGTACCGGCTGTTCGTCTTCT,0.73,1,Takayuki,hela,0.16,-32.65,-187.62,-2.08,-1.33,-1.1,-1.33,-1.1,-2.35,-2.08,-2.11,-3.42,-2.11,-0.93,-2.24,-2.11,-2.24,-3.26,-2.36,-2.35,-2.24,-10.48,-7.69,-9.38,-7.69,-9.38,-12.44,-10.48,-10.44,-14.88,-10.44,-6.82,-11.4,-10.44,-11.4,-13.39,-10.64,-12.44,-11.4,0.0,0.0,0.0,0.0,0.0,0.0,0.0,0.0,0.0,0.0,0.0,0.0,0.0,0.0,0.0,0.0,0.0,0.0,0.0,0.0,-32.6,1.6,3.1,4.3,4.3,4.3,4.7,6.4,4.7,6.7,6.7,4.2,4.3,6.2,4.8,6.7,6.2,5.5,3.1,2.1,2.1,3.1,5.5,6.2,6.7,4.8,6.2,4.3,4.2,6.7,6.7,4.7,6.4,4.7,4.3,4.3,4.3,3.1,1.6,-32.57,0.95
AAGAAGACGAACAGCCGGU,ACCGGCTGTTCGTCTTCTT,TCGGTGTTGCAGATATAGTACCGGCTGTTCGTCTTCTTGCCGTAGTTCCACTTGAAG,0.84,1,Takayuki,hela,0.86,-34.58,-185.75,-0.93,-2.08,-2.35,-0.93,-2.08,-2.35,-2.24,-2.36,-2.35,-0.93,-2.24,-2.11,-2.08,-3.42,-3.26,-2.36,-3.26,-2.24,-6.82,-10.48,-12.44,-6.82,-10.48,-12.44,-11.4,-10.64,-12.44,-6.82,-11.4,-10.44,-10.48,-14.88,-13.39,-10.64,-13.39,-11.4,-0.1,0.0,0.0,0.0,0.0,0.0,0.0,0.0,0.1,0.1,0.0,0.0,0.0,0.0,0.0,0.0,0.1,0.1,0.0,0.0,-34.6,0.2,1.5,4.7,4.5,4.2,6.4,5.1,5.8,6.0,4.5,4.3,6.2,4.7,6.7,7.2,6.2,5.9,3.5,0.6,0.6,3.5,5.9,6.2,7.2,6.7,4.7,6.2,4.3,4.5,6.0,5.8,5.1,6.4,4.2,4.5,4.7,1.5,0.2,-34.08,1.29
GGCAAGAAGACGAACAGCC,GGCTGTTCGTCTTCTTGCC,GTGTTGCAGATATAGTACCGGCTGTTCGTCTTCTTGCCGTAGTTCCACTTGAAGTTC,0.86,1,Takayuki,hela,0.0,-36.41,-196.47,-3.26,-3.42,-2.11,-0.93,-2.08,-2.35,-0.93,-2.08,-2.35,-2.24,-2.36,-2.35,-0.93,-2.24,-2.11,-2.08,-3.42,-3.26,-13.39,-14.88,-10.44,-6.82,-10.48,-12.44,-6.82,-10.48,-12.44,-11.4,-10.64,-12.44,-6.82,-11.4,-10.44,-10.48,-14.88,-13.39,-1.4,1.4,1.4,1.4,0.0,0.0,0.0,0.0,0.0,0.0,0.0,0.0,0.0,0.0,0.0,0.0,0.0,1.4,1.4,1.4,-36.5,2.3,5.6,6.7,4.2,4.2,6.4,4.5,4.2,6.4,5.1,5.8,6.0,4.5,4.3,6.2,4.7,6.7,5.6,2.3,2.3,5.6,6.7,4.7,6.2,4.3,4.5,6.0,5.8,5.1,6.4,4.2,4.5,6.4,4.2,4.2,6.7,5.6,2.3,-35.03,2.14
ACGGCAAGAAGACGAACAG,CTGTTCGTCTTCTTGCCGT,GTTGCAGATATAGTACCGGCTGTTCGTCTTCTTGCCGTAGTTCCACTTGAAGTTCTA,0.86,1,Takayuki,hela,0.74,-33.88,-186.52,-2.24,-2.36,-3.26,-3.42,-2.11,-0.93,-2.08,-2.35,-0.93,-2.08,-2.35,-2.24,-2.36,-2.35,-0.93,-2.24,-2.11,-2.08,-11.4,-10.64,-13.39,-14.88,-10.44,-6.82,-10.48,-12.44,-6.82,-10.48,-12.44,-11.4,-10.64,-12.44,-6.82,-11.4,-10.44,-10.48,0.0,0.0,0.0,0.0,0.0,0.0,0.0,0.0,0.0,0.0,0.0,0.0,0.0,0.0,0.0,0.0,0.0,0.0,0.0,0.0,-33.9,0.6,2.6,6.2,7.2,6.7,4.2,4.2,6.4,4.5,4.2,6.4,5.1,5.8,6.0,4.5,4.3,6.2,2.7,1.6,1.6,2.7,6.2,4.3,4.5,6.0,5.8,5.1,6.4,4.2,4.5,6.4,4.2,4.2,6.7,7.2,6.2,2.6,0.6,-33.63,0.09
UACGGCAAGAAGACGAACA,TGTTCGTCTTCTTGCCGTA,TTGCAGATATAGTACCGGCTGTTCGTCTTCTTGCCGTAGTTCCACTTGAAGTTCTAG,0.74,1,Takayuki,hela,0.33,-32.68,-180.01,-1.33,-2.24,-2.36,-3.26,-3.42,-2.11,-0.93,-2.08,-2.35,-0.93,-2.08,-2.35,-2.24,-2.36,-2.35,-0.93,-2.24,-2.11,-7.69,-11.4,-10.64,-13.39,-14.88,-10.44,-6.82,-10.48,-12.44,-6.82,-10.48,-12.44,-11.4,-10.64,-12.44,-6.82,-11.4,-10.44,0.0,0.0,0.0,0.0,0.0,0.0,0.0,0.0,0.0,0.0,0.0,0.0,0.0,0.0,0.0,0.0,0.0,0.0,0.0,0.0,-32.6,0.5,1.9,3.9,6.2,7.2,6.7,4.2,4.2,6.4,4.5,4.2,6.4,5.1,5.8,6.0,4.5,4.2,3.7,0.1,0.1,3.7,4.2,4.5,6.0,5.8,5.1,6.4,4.2,4.5,6.4,4.2,4.2,6.7,7.2,6.2,3.9,1.9,0.5,-32.33,0.09
ACUACGGCAAGAAGACGAA,TTCGTCTTCTTGCCGTAGT,GCAGATATAGTACCGGCTGTTCGTCTTCTTGCCGTAGTTCCACTTGAAGTTCTAGGC,0.81,1,Takayuki,hela,-0.86,-32.65,-180.05,-2.24,-2.08,-1.33,-2.24,-2.36,-3.26,-3.42,-2.11,-0.93,-2.08,-2.35,-0.93,-2.08,-2.35,-2.24,-2.36,-2.35,-0.93,-11.4,-10.48,-7.69,-11.4,-10.64,-13.39,-14.88,-10.44,-6.82,-10.48,-12.44,-6.82,-10.48,-12.44,-11.4,-10.64,-12.44,-6.82,0.0,0.0,0.0,0.0,0.0,0.0,0.0,0.0,0.0,0.0,0.0,0.0,0.0,0.0,0.0,0.0,0.0,0.0,0.0,0.0,-32.7,0.6,3.3,4.6,4.7,5.8,6.2,7.2,6.7,4.2,4.2,6.4,4.5,4.2,6.4,5.1,5.8,3.8,1.4,0.0,0.0,1.4,3.8,5.8,5.1,6.4,4.2,4.5,6.4,4.2,4.2,6.7,7.2,6.2,5.8,4.7,4.6,3.3,0.6,-32.4,0.13
AACUACGGCAAGAAGACGA,TCGTCTTCTTGCCGTAGTT,CAGATATAGTACCGGCTGTTCGTCTTCTTGCCGTAGTTCCACTTGAAGTTCTAGGCG,0.75,1,Takayuki,hela,0.97,-32.65,-180.05,-0.93,-2.24,-2.08,-1.33,-2.24,-2.36,-3.26,-3.42,-2.11,-0.93,-2.08,-2.35,-0.93,-2.08,-2.35,-2.24,-2.36,-2.35,-6.82,-11.4,-10.48,-7.69,-11.4,-10.64,-13.39,-14.88,-10.44,-6.82,-10.48,-12.44,-6.82,-10.48,-12.44,-11.4,-10.64,-12.44,0.0,0.0,0.0,0.0,0.0,0.0,0.0,0.0,0.0,0.0,0.0,0.0,0.0,0.0,0.0,0.0,0.0,0.0,0.0,0.0,-32.6,0.2,1.5,4.2,4.6,4.7,5.8,6.2,7.2,6.7,4.2,4.2,6.4,4.5,4.2,6.4,5.1,5.8,2.8,0.4,0.4,2.8,5.8,5.1,6.4,4.2,4.5,6.4,4.2,4.2,6.7,7.2,6.2,5.8,4.7,4.6,4.2,1.5,0.2,-32.3,0.13
UGGAACUACGGCAAGAAGA,TCTTCTTGCCGTAGTTCCA,ATATAGTACCGGCTGTTCGTCTTCTTGCCGTAGTTCCACTTGAAGTTCTAGGCGGTG,0.84,1,Takayuki,hela,0.24,-33.42,-181.84,-2.11,-3.26,-2.35,-0.93,-2.24,-2.08,-1.33,-2.24,-2.36,-3.26,-3.42,-2.11,-0.93,-2.08,-2.35,-0.93,-2.08,-2.35,-10.44,-13.39,-12.44,-6.82,-11.4,-10.48,-7.69,-11.4,-10.64,-13.39,-14.88,-10.44,-6.82,-10.48,-12.44,-6.82,-10.48,-12.44,0.0,0.0,0.0,0.0,0.0,0.0,0.0,0.0,0.0,0.0,0.0,0.0,0.0,0.0,0.0,0.0,0.0,0.0,0.0,0.0,-33.4,0.1,3.9,6.9,4.5,4.3,6.2,4.6,4.7,5.8,6.2,7.2,6.7,4.2,4.2,6.4,4.5,4.2,3.5,0.4,0.4,3.5,4.2,4.5,6.4,4.2,4.2,6.7,7.2,6.2,5.8,4.7,4.6,6.2,4.3,4.5,6.9,3.9,0.1,-33.19,0.07
GUGGAACUACGGCAAGAAG,CTTCTTGCCGTAGTTCCAC,TATAGTACCGGCTGTTCGTCTTCTTGCCGTAGTTCCACTTGAAGTTCTAGGCGGTGT,0.7,0,Takayuki,hela,-0.16,-34.21,-188.24,-2.24,-2.11,-3.26,-2.35,-0.93,-2.24,-2.08,-1.33,-2.24,-2.36,-3.26,-3.42,-2.11,-0.93,-2.08,-2.35,-0.93,-2.08,-11.4,-10.44,-13.39,-12.44,-6.82,-11.4,-10.48,-7.69,-11.4,-10.64,-13.39,-14.88,-10.44,-6.82,-10.48,-12.44,-6.82,-10.48,-1.0,1.0,1.0,0.0,1.0,0.0,0.0,0.0,0.0,0.0,1.0,0.0,1.0,1.0,0.0,0.0,0.0,0.0,0.0,0.0,-34.2,2.1,2.8,6.6,6.9,4.5,4.3,6.2,4.6,4.7,5.8,6.2,7.2,6.7,4.2,4.2,6.4,3.9,2.5,1.6,1.6,2.5,3.9,6.4,4.2,4.2,6.7,7.2,6.2,5.8,4.7,4.6,6.2,4.3,4.5,6.9,6.6,2.8,2.1,-33.57,0.08
AGUGGAACUACGGCAAGAA,TTCTTGCCGTAGTTCCACT,ATAGTACCGGCTGTTCGTCTTCTTGCCGTAGTTCCACTTGAAGTTCTAGGCGGTGTT,0.72,1,Takayuki,hela,-0.7,-33.31,-180.8,-2.08,-2.24,-2.11,-3.26,-2.35,-0.93,-2.24,-2.08,-1.33,-2.24,-2.36,-3.26,-3.42,-2.11,-0.93,-2.08,-2.35,-0.93,-10.48,-11.4,-10.44,-13.39,-12.44,-6.82,-11.4,-10.48,-7.69,-11.4,-10.64,-13.39,-14.88,-10.44,-6.82,-10.48,-12.44,-6.82,-0.8,0.0,0.8,0.8,0.0,0.8,0.0,0.0,0.0,0.0,0.0,0.8,0.0,0.8,0.8,0.0,0.0,0.0,0.0,0.0,-33.3,0.6,3.7,4.4,6.6,6.9,4.5,4.3,6.2,4.6,4.7,5.8,6.2,7.2,6.7,4.2,4.2,4.5,1.4,0.0,0.0,1.4,4.5,4.2,4.2,6.7,7.2,6.2,5.8,4.7,4.6,6.2,4.3,4.5,6.9,6.6,4.4,3.7,0.6,-32.75,0.15
ACUUCAAGUGGAACUACGG,CCGTAGTTCCACTTGAAGT,CCGGCTGTTCGTCTTCTTGCCGTAGTTCCACTTGAAGTTCTAGGCGGTGTTGTAGCT,0.96,1,Takayuki,hela,1.47,-32.58,-181.04,-2.24,-2.08,-0.93,-2.35,-2.11,-0.93,-2.08,-2.24,-2.11,-3.26,-2.35,-0.93,-2.24,-2.08,-1.33,-2.24,-2.36,-3.26,-11.4,-10.48,-6.82,-12.44,-10.44,-6.82,-10.48,-11.4,-10.44,-13.39,-12.44,-6.82,-11.4,-10.48,-7.69,-11.4,-10.64,-13.39,0.0,0.0,0.0,0.0,0.0,0.0,0.0,0.0,0.0,0.0,0.0,0.0,0.0,0.0,0.0,0.0,0.0,0.0,0.0,0.0,-32.5,0.6,3.3,4.2,4.5,6.4,4.2,4.2,6.2,4.8,6.6,6.9,4.5,4.3,6.2,4.6,4.7,5.8,4.2,1.8,1.8,4.2,5.8,4.7,4.6,6.2,4.3,4.5,6.9,6.6,4.8,6.2,4.2,4.2,6.4,4.5,4.2,3.3,0.6,-31.81,0.33
AACUUCAAGUGGAACUACG,CGTAGTTCCACTTGAAGTT,CGGCTGTTCGTCTTCTTGCCGTAGTTCCACTTGAAGTTCTAGGCGGTGTTGTAGCTC,0.92,1,Takayuki,hela,1.43,-30.25,-174.47,-0.93,-2.24,-2.08,-0.93,-2.35,-2.11,-0.93,-2.08,-2.24,-2.11,-3.26,-2.35,-0.93,-2.24,-2.08,-1.33,-2.24,-2.36,-6.82,-11.4,-10.48,-6.82,-12.44,-10.44,-6.82,-10.48,-11.4,-10.44,-13.39,-12.44,-6.82,-11.4,-10.48,-7.69,-11.4,-10.64,0.0,0.0,0.0,0.0,0.0,0.0,0.0,0.0,0.0,0.0,0.0,0.0,0.0,0.0,0.0,0.0,0.0,0.0,0.0,0.0,-30.1,0.2,1.5,4.2,4.2,4.5,6.4,4.2,4.2,6.2,4.8,6.6,6.9,4.5,4.3,6.2,4.6,4.7,4.5,0.9,0.9,4.5,4.7,4.6,6.2,4.3,4.5,6.9,6.6,4.8,6.2,4.2,4.2,6.4,4.5,4.2,4.2,1.5,0.2,-29.42,0.31
ACCGCCUAGAACUUCAAGU,ACTTGAAGTTCTAGGCGGT,GTCTTCTTGCCGTAGTTCCACTTGAAGTTCTAGGCGGTGTTGTAGCTCCTGCCGTCG,0.8,1,Takayuki,hela,0.0,-33.28,-180.84,-2.24,-3.26,-2.36,-3.42,-3.26,-2.08,-1.33,-2.08,-2.35,-0.93,-2.24,-2.08,-0.93,-2.35,-2.11,-0.93,-2.08,-2.24,-11.4,-13.39,-10.64,-14.88,-13.39,-10.48,-7.69,-10.48,-12.44,-6.82,-11.4,-10.48,-6.82,-12.44,-10.44,-6.82,-10.48,-11.4,0.0,0.0,0.0,0.0,0.0,0.0,0.0,0.0,0.0,0.0,0.0,0.0,0.0,0.0,0.0,0.0,0.0,0.0,0.0,0.0,-33.2,0.6,3.5,5.9,6.3,7.2,6.6,4.6,4.6,6.4,4.5,4.3,6.2,4.2,4.5,6.4,4.2,4.2,3.3,0.6,0.6,3.3,4.2,4.2,6.4,4.5,4.2,6.2,4.3,4.5,6.4,4.6,4.6,6.6,7.2,6.3,5.9,3.5,0.6,-33.06,0.65
CACCGCCUAGAACUUCAAG,CTTGAAGTTCTAGGCGGTG,TCTTCTTGCCGTAGTTCCACTTGAAGTTCTAGGCGGTGTTGTAGCTCCTGCCGTCGC,0.77,1,Takayuki,hela,-0.03,-34.05,-187.32,-2.11,-2.24,-3.26,-2.36,-3.42,-3.26,-2.08,-1.33,-2.08,-2.35,-0.93,-2.24,-2.08,-0.93,-2.35,-2.11,-0.93,-2.08,-10.44,-11.4,-13.39,-10.64,-14.88,-13.39,-10.48,-7.69,-10.48,-12.44,-6.82,-11.4,-10.48,-6.82,-12.44,-10.44,-6.82,-10.48,0.0,0.0,0.0,0.0,0.0,0.0,0.0,0.0,0.0,0.0,0.0,0.0,0.0,0.0,0.0,0.0,0.0,0.0,0.0,0.0,-34.1,1.8,3.2,6.1,6.2,6.3,7.2,6.6,4.6,4.6,6.4,4.5,4.3,6.2,4.2,4.5,6.4,3.6,2.5,1.6,1.6,2.5,3.6,6.4,4.5,4.2,6.2,4.3,4.5,6.4,4.6,4.6,6.6,7.2,6.3,6.2,6.1,3.2,1.8,-34.04,0.39
AACACCGCCUAGAACUUCA,TGAAGTTCTAGGCGGTGTT,TTCTTGCCGTAGTTCCACTTGAAGTTCTAGGCGGTGTTGTAGCTCCTGCCGTCGCAC,0.86,1,Takayuki,hela,0.73,-33.31,-180.8,-0.93,-2.24,-2.11,-2.24,-3.26,-2.36,-3.42,-3.26,-2.08,-1.33,-2.08,-2.35,-0.93,-2.24,-2.08,-0.93,-2.35,-2.11,-6.82,-11.4,-10.44,-11.4,-13.39,-10.64,-14.88,-13.39,-10.48,-7.69,-10.48,-12.44,-6.82,-11.4,-10.48,-6.82,-12.44,-10.44,0.0,0.0,0.0,0.0,0.0,0.0,0.0,0.0,0.0,0.0,0.0,0.0,0.0,0.0,0.0,0.0,0.0,0.0,0.0,0.0,-33.2,0.2,1.5,4.4,4.8,6.7,6.2,6.3,7.2,6.6,4.6,4.6,6.4,4.5,4.3,6.2,4.2,4.5,3.8,0.1,0.1,3.8,4.5,4.2,6.2,4.3,4.5,6.4,4.6,4.6,6.6,7.2,6.3,6.2,6.7,4.8,4.4,1.5,0.2,-33.17,0.17
CAACACCGCCUAGAACUUC,GAAGTTCTAGGCGGTGTTG,TCTTGCCGTAGTTCCACTTGAAGTTCTAGGCGGTGTTGTAGCTCCTGCCGTCGCACG,0.7,0,Takayuki,hela,0.24,-34.21,-188.24,-2.11,-0.93,-2.24,-2.11,-2.24,-3.26,-2.36,-3.42,-3.26,-2.08,-1.33,-2.08,-2.35,-0.93,-2.24,-2.08,-0.93,-2.35,-10.44,-6.82,-11.4,-10.44,-11.4,-13.39,-10.64,-14.88,-13.39,-10.48,-7.69,-10.48,-12.44,-6.82,-11.4,-10.48,-6.82,-12.44,0.0,0.0,0.0,0.0,0.0,0.0,0.0,0.0,0.0,0.0,0.0,0.0,0.0,0.0,0.0,0.0,0.0,0.0,0.0,0.0,-34.2,1.8,2.8,4.1,6.2,4.8,6.7,6.2,6.3,7.2,6.6,4.6,4.6,6.4,4.5,4.3,6.2,4.2,3.1,2.2,2.2,3.1,4.2,6.2,4.3,4.5,6.4,4.6,4.6,6.6,7.2,6.3,6.2,6.7,4.8,6.2,4.1,2.8,1.8,-34.2,0.18
UACAACACCGCCUAGAACU,AGTTCTAGGCGGTGTTGTA,TTGCCGTAGTTCCACTTGAAGTTCTAGGCGGTGTTGTAGCTCCTGCCGTCGCACGTC,0.82,1,Takayuki,hela,0.3,-33.6,-180.63,-1.33,-2.24,-2.11,-0.93,-2.24,-2.11,-2.24,-3.26,-2.36,-3.42,-3.26,-2.08,-1.33,-2.08,-2.35,-0.93,-2.24,-2.08,-7.69,-11.4,-10.44,-6.82,-11.4,-10.44,-11.4,-13.39,-10.64,-14.88,-13.39,-10.48,-7.69,-10.48,-12.44,-6.82,-11.4,-10.48,0.0,0.0,0.0,0.0,0.0,0.0,0.0,0.0,0.0,0.0,0.0,0.0,0.0,0.0,0.0,0.0,0.0,0.0,0.0,0.0,-33.4,0.5,1.9,4.8,4.2,4.3,6.2,4.8,6.7,6.2,6.3,7.2,6.6,4.6,4.6,6.4,4.5,4.2,3.7,0.6,0.6,3.7,4.2,4.5,6.4,4.6,4.6,6.6,7.2,6.3,6.2,6.7,4.8,6.2,4.3,4.2,4.8,1.9,0.5,-33.4,0.42
AGCUACAACACCGCCUAGA,TCTAGGCGGTGTTGTAGCT,CCGTAGTTCCACTTGAAGTTCTAGGCGGTGTTGTAGCTCCTGCCGTCGCACGTCGAG,0.82,1,Takayuki,hela,0.27,-35.93,-187.77,-2.08,-3.42,-2.08,-1.33,-2.24,-2.11,-0.93,-2.24,-2.11,-2.24,-3.26,-2.36,-3.42,-3.26,-2.08,-1.33,-2.08,-2.35,-10.48,-14.88,-10.48,-7.69,-11.4,-10.44,-6.82,-11.4,-10.44,-11.4,-13.39,-10.64,-14.88,-13.39,-10.48,-7.69,-10.48,-12.44,0.0,0.0,0.0,0.0,0.0,0.0,0.0,0.0,0.0,0.0,0.0,0.0,0.0,0.0,0.0,0.0,0.0,0.0,0.0,0.0,-35.8,0.6,3.9,6.6,4.6,4.7,6.2,4.2,4.3,6.2,4.8,6.7,6.2,6.3,7.2,6.6,4.6,4.6,3.5,0.4,0.4,3.5,4.6,4.6,6.6,7.2,6.3,6.2,6.7,4.8,6.2,4.3,4.2,6.2,4.7,4.6,6.6,3.9,0.6,-35.56,1.54
GGCAGGAGCUACAACACCG,CGGTGTTGTAGCTCCTGCC,TTCCACTTGAAGTTCTAGGCGGTGTTGTAGCTCCTGCCGTCGCACGTCGAGCGGCTG,0.75,1,Takayuki,hela,-0.9,-38.79,-200.87,-3.26,-3.42,-2.11,-2.08,-3.26,-2.35,-2.08,-3.42,-2.08,-1.33,-2.24,-2.11,-0.93,-2.24,-2.11,-2.24,-3.26,-2.36,-13.39,-14.88,-10.44,-10.48,-13.39,-12.44,-10.48,-14.88,-10.48,-7.69,-11.4,-10.44,-6.82,-11.4,-10.44,-11.4,-13.39,-10.64,-1.6,1.3,1.6,1.6,0.0,0.0,0.0,0.0,1.6,1.6,1.3,0.0,0.0,0.0,0.0,0.0,0.0,0.0,0.0,0.0,-38.8,2.3,5.6,6.7,4.7,6.6,6.9,5.0,6.7,6.7,4.6,4.7,6.2,4.2,4.3,6.2,4.8,6.7,4.7,0.9,0.9,4.7,6.7,4.8,6.2,4.3,4.2,6.2,4.7,4.6,6.7,6.7,5.0,6.9,6.6,4.7,6.7,5.6,2.3,-37.06,2.28
CGUGCGACGGCAGGAGCUA,TAGCTCCTGCCGTCGCACG,GAAGTTCTAGGCGGTGTTGTAGCTCCTGCCGTCGCACGTCGAGCGGCTGGTGATGGT,0.31,0,Takayuki,hela,-1.03,-40.29,-203.7,-2.36,-2.24,-2.11,-3.42,-2.36,-2.35,-2.24,-2.36,-3.26,-3.42,-2.11,-2.08,-3.26,-2.35,-2.08,-3.42,-2.08,-1.33,-10.64,-11.4,-10.44,-14.88,-10.64,-12.44,-11.4,-10.64,-13.39,-14.88,-10.44,-10.48,-13.39,-12.44,-10.48,-14.88,-10.48,-7.69,-4.8,1.8,0.0,1.8,3.1,3.1,0.0,0.0,0.0,0.0,1.8,1.8,1.8,0.0,1.8,0.0,0.0,0.0,0.0,0.0,-40.4,0.9,4.5,4.8,6.7,6.3,6.0,5.1,5.8,6.2,7.2,6.7,4.7,6.6,6.9,5.0,6.7,5.2,1.9,0.5,0.5,1.9,5.2,6.7,5.0,6.9,6.6,4.7,6.7,7.2,6.2,5.8,5.1,6.0,6.3,6.7,4.8,4.5,0.9,-37.5,1.73
ACGACCAUCACCAGCCGCU,AGCGGCTGGTGATGGTCGT,CTCCTGCCGTCGCACGTCGAGCGGCTGGTGATGGTCGTCTTGTGGGGGTAGCCGCTG,0.76,1,Takayuki,hela,-0.16,-39.36,-200.9,-2.24,-2.36,-2.35,-2.24,-3.26,-2.11,-1.1,-2.35,-2.11,-2.24,-3.26,-2.11,-2.08,-3.42,-3.26,-2.36,-3.42,-2.08,-11.4,-10.64,-12.44,-11.4,-13.39,-10.44,-9.38,-12.44,-10.44,-11.4,-13.39,-10.44,-10.48,-14.88,-13.39,-10.64,-14.88,-10.48,0.0,0.0,0.0,0.0,0.0,0.0,0.0,0.0,0.0,0.0,0.0,0.0,0.0,0.0,0.0,0.0,0.0,0.0,0.0,0.0,-39.4,0.6,2.6,6.0,5.1,6.7,6.6,4.4,4.7,6.4,4.8,6.7,6.6,4.7,6.7,7.2,6.2,5.9,3.9,0.6,0.6,3.9,5.9,6.2,7.2,6.7,4.7,6.6,6.7,4.8,6.4,4.7,4.4,6.6,6.7,5.1,6.0,2.6,0.6,-39.33,6.35
AAGACGACCAUCACCAGCC,GGCTGGTGATGGTCGTCTT,CTGCCGTCGCACGTCGAGCGGCTGGTGATGGTCGTCTTGTGGGGGTAGCCGCTGCCG,0.8,1,Takayuki,hela,2.33,-37.31,-198.36,-0.93,-2.08,-2.35,-2.24,-2.36,-2.35,-2.24,-3.26,-2.11,-1.1,-2.35,-2.11,-2.24,-3.26,-2.11,-2.08,-3.42,-3.26,-6.82,-10.48,-12.44,-11.4,-10.64,-12.44,-11.4,-13.39,-10.44,-9.38,-12.44,-10.44,-11.4,-13.39,-10.44,-10.48,-14.88,-13.39,0.0,0.0,0.0,0.0,0.0,0.0,0.0,0.0,0.0,0.0,0.0,0.0,0.0,0.0,0.0,0.0,0.0,0.0,0.0,0.0,-37.4,0.2,1.5,4.7,5.1,5.8,6.0,5.1,6.7,6.6,4.4,4.7,6.4,4.8,6.7,6.6,4.7,6.7,5.6,2.3,2.3,5.6,6.7,4.7,6.6,6.7,4.8,6.4,4.7,4.4,6.6,6.7,5.1,6.0,5.8,5.1,4.7,1.5,0.2,-37.3,3.28
ACAAGACGACCAUCACCAG,CTGGTGATGGTCGTCTTGT,GCCGTCGCACGTCGAGCGGCTGGTGATGGTCGTCTTGTGGGGGTAGCCGCTGCCGGG,0.79,1,Takayuki,hela,0.74,-34.98,-191.93,-2.24,-2.11,-0.93,-2.08,-2.35,-2.24,-2.36,-2.35,-2.24,-3.26,-2.11,-1.1,-2.35,-2.11,-2.24,-3.26,-2.11,-2.08,-11.4,-10.44,-6.82,-10.48,-12.44,-11.4,-10.64,-12.44,-11.4,-13.39,-10.44,-9.38,-12.44,-10.44,-11.4,-13.39,-10.44,-10.48,0.0,0.0,0.0,0.0,0.0,0.0,0.0,0.0,0.0,0.0,0.0,0.0,0.0,0.0,0.0,0.0,0.0,0.0,0.0,0.0,-35.0,0.6,3.5,4.2,4.2,6.4,5.1,5.8,6.0,5.1,6.7,6.6,4.4,4.7,6.4,4.8,6.7,6.5,2.7,1.6,1.6,2.7,6.5,6.7,4.8,6.4,4.7,4.4,6.6,6.7,5.1,6.0,5.8,5.1,6.4,4.2,4.2,3.5,0.6,-34.9,0.65
CACAAGACGACCAUCACCA,TGGTGATGGTCGTCTTGTG,CCGTCGCACGTCGAGCGGCTGGTGATGGTCGTCTTGTGGGGGTAGCCGCTGCCGGGG,0.81,1,Takayuki,hela,-0.9,-35.01,-191.89,-2.11,-2.24,-2.11,-0.93,-2.08,-2.35,-2.24,-2.36,-2.35,-2.24,-3.26,-2.11,-1.1,-2.35,-2.11,-2.24,-3.26,-2.11,-10.44,-11.4,-10.44,-6.82,-10.48,-12.44,-11.4,-10.64,-12.44,-11.4,-13.39,-10.44,-9.38,-12.44,-10.44,-11.4,-13.39,-10.44,0.0,0.0,0.0,0.0,0.0,0.0,0.0,0.0,0.0,0.0,0.0,0.0,0.0,0.0,0.0,0.0,0.0,0.0,0.0,0.0,-35.0,1.8,3.2,6.1,4.2,4.2,6.4,5.1,5.8,6.0,5.1,6.7,6.6,4.4,4.7,6.4,4.8,6.7,3.9,0.1,0.1,3.9,6.7,4.8,6.4,4.7,4.4,6.6,6.7,5.1,6.0,5.8,5.1,6.4,4.2,4.2,6.1,3.2,1.8,-34.9,0.64
CGGCUACCCCCACAAGACG,CGTCTTGTGGGGGTAGCCG,TCGAGCGGCTGGTGATGGTCGTCTTGTGGGGGTAGCCGCTGCCGGGGCACGACGACG,0.3,0,Takayuki,hela,0.0,-40.06,-202.49,-2.36,-3.26,-3.42,-2.08,-1.33,-2.24,-3.26,-3.26,-3.26,-3.26,-2.11,-2.24,-2.11,-0.93,-2.08,-2.35,-2.24,-2.36,-10.64,-13.39,-14.88,-10.48,-7.69,-11.4,-13.39,-13.39,-13.39,-13.39,-10.44,-11.4,-10.44,-6.82,-10.48,-12.44,-11.4,-10.64,-0.1,0.0,0.1,0.1,0.0,0.0,0.0,0.0,0.0,0.0,0.1,0.1,0.0,0.0,0.0,0.0,0.0,0.0,0.0,0.0,-40.2,0.9,4.7,7.2,6.7,4.6,4.7,6.7,7.1,7.1,7.1,6.6,4.8,6.2,4.2,4.2,6.4,5.1,4.5,0.9,0.9,4.5,5.1,6.4,4.2,4.2,6.2,4.8,6.6,7.1,7.1,7.1,6.7,4.7,4.6,6.7,7.2,4.7,0.9,-39.45,2.37
CGGCAGCGGCUACCCCCAC,GTGGGGGTAGCCGCTGCCG,GGCTGGTGATGGTCGTCTTGTGGGGGTAGCCGCTGCCGGGGCACGACGACGGGCTGT,0.2,0,Takayuki,hela,0.33,-44.64,-214.98,-2.36,-3.26,-3.42,-2.11,-2.08,-3.42,-2.36,-3.26,-3.42,-2.08,-1.33,-2.24,-3.26,-3.26,-3.26,-3.26,-2.11,-2.24,-10.64,-13.39,-14.88,-10.44,-10.48,-14.88,-10.64,-13.39,-14.88,-10.48,-7.69,-11.4,-13.39,-13.39,-13.39,-13.39,-10.44,-11.4,-1.6,0.0,1.4,1.3,1.3,0.0,0.0,0.0,0.0,1.3,1.3,1.3,0.0,0.0,0.0,0.0,0.0,0.0,0.0,0.0,-44.8,0.9,4.7,7.2,6.7,4.7,6.7,6.3,6.2,7.2,6.7,4.6,4.7,6.7,7.1,7.1,7.1,6.6,2.8,2.1,2.1,2.8,6.6,7.1,7.1,7.1,6.7,4.7,4.6,6.7,7.2,6.2,6.3,6.7,4.7,6.7,7.2,4.7,0.9,-42.88,6.31
GCCCGUCGUCGUGCCCCGG,CCGGGGCACGACGACGGGC,CTTGTGGGGGTAGCCGCTGCCGGGGCACGACGACGGGCTGTTGGTGATGGACTCGTG,0.22,0,Takayuki,hela,-0.16,-45.28,-218.57,-3.42,-3.26,-3.26,-2.36,-2.24,-2.35,-2.36,-2.24,-2.35,-2.36,-2.24,-2.11,-3.42,-3.26,-3.26,-3.26,-2.36,-3.26,-14.88,-13.39,-13.39,-10.64,-11.4,-12.44,-10.64,-11.4,-12.44,-10.64,-11.4,-10.44,-14.88,-13.39,-13.39,-13.39,-10.64,-13.39,-2.0,0.7,0.7,0.0,2.0,2.0,0.0,0.0,0.0,0.0,0.7,0.7,0.0,1.6,1.6,0.0,0.0,0.0,0.0,0.0,-45.6,2.3,5.2,7.1,6.2,5.8,5.1,6.0,5.8,5.1,6.0,5.8,4.8,6.7,7.2,7.1,7.1,6.2,4.2,1.8,1.8,4.2,6.2,7.1,7.1,7.2,6.7,4.8,5.8,6.0,5.1,5.8,6.0,5.1,5.8,6.2,7.1,5.2,2.3,-43.29,2.98
AACAGCCCGUCGUCGUGCC,GGCACGACGACGGGCTGTT,TGGGGGTAGCCGCTGCCGGGGCACGACGACGGGCTGTTGGTGATGGACTCGTGGGTC,0.79,1,Takayuki,hela,2.33,-40.05,-203.18,-0.93,-2.24,-2.11,-2.08,-3.42,-3.26,-3.26,-2.36,-2.24,-2.35,-2.36,-2.24,-2.35,-2.36,-2.24,-2.11,-3.42,-3.26,-6.82,-11.4,-10.44,-10.48,-14.88,-13.39,-13.39,-10.64,-11.4,-12.44,-10.64,-11.4,-12.44,-10.64,-11.4,-10.44,-14.88,-13.39,-2.2,0.0,0.0,0.0,0.0,2.2,2.2,0.0,2.2,2.2,0.0,0.0,0.0,0.0,2.2,2.2,0.0,2.2,2.2,0.0,-40.1,0.2,1.5,4.4,4.7,6.7,7.2,7.1,6.2,5.8,5.1,6.0,5.8,5.1,6.0,5.8,4.8,6.7,5.6,2.3,2.3,5.6,6.7,4.8,5.8,6.0,5.1,5.8,6.0,5.1,5.8,6.2,7.1,7.2,6.7,4.7,4.4,1.5,0.2,-37.84,3.25
GACCCACGAGUCCAUCACC,GGTGATGGACTCGTGGGTC,GGCACGACGACGGGCTGTTGGTGATGGACTCGTGGGTCAGGCGGGACTCGTTTCTGG,0.77,1,Takayuki,hela,0.46,-39.18,-207.13,-2.35,-2.24,-3.26,-3.26,-2.11,-2.24,-2.36,-2.35,-2.08,-2.24,-2.35,-3.26,-2.11,-1.1,-2.35,-2.11,-2.24,-3.26,-12.44,-11.4,-13.39,-13.39,-10.44,-11.4,-10.64,-12.44,-10.48,-11.4,-12.44,-13.39,-10.44,-9.38,-12.44,-10.44,-11.4,-13.39,-1.0,1.0,1.0,1.0,0.0,0.0,0.0,0.0,0.0,0.0,1.0,1.0,1.0,0.0,0.0,0.0,0.0,0.0,0.0,0.0,-39.4,2.2,3.5,6.4,7.1,6.6,4.8,5.8,6.0,5.0,6.2,5.1,6.9,6.6,4.4,4.7,6.4,4.8,5.4,2.3,2.3,5.4,4.8,6.4,4.7,4.4,6.6,6.9,5.1,6.2,5.0,6.0,5.8,4.8,6.6,7.1,6.4,3.5,2.2,-38.24,1.6
CGCCUGACCCACGAGUCCA,TGGACTCGTGGGTCAGGCG,GACGACGGGCTGTTGGTGATGGACTCGTGGGTCAGGCGGGACTCGTTTCTGGGGTTG,0.71,0,Takayuki,hela,-0.7,-40.9,-206.19,-2.36,-3.42,-3.26,-2.08,-2.11,-2.35,-2.24,-3.26,-3.26,-2.11,-2.24,-2.36,-2.35,-2.08,-2.24,-2.35,-3.26,-2.11,-10.64,-14.88,-13.39,-10.48,-10.44,-12.44,-11.4,-13.39,-13.39,-10.44,-11.4,-10.64,-12.44,-10.48,-11.4,-12.44,-13.39,-10.44,-1.0,0.0,0.0,0.0,0.0,0.0,1.0,1.0,1.0,0.0,0.0,0.0,0.0,0.0,0.0,1.0,1.0,1.0,0.0,0.0,-41.1,0.9,4.7,7.2,6.6,4.7,6.4,5.1,6.7,7.1,6.6,4.8,5.8,6.0,5.0,6.2,5.1,6.9,3.9,0.1,0.1,3.9,6.9,5.1,6.2,5.0,6.0,5.8,4.8,6.6,7.1,6.7,5.1,6.4,4.7,6.6,7.2,4.7,0.9,-39.93,2.85
AAACGAGUCCCGCCUGACC,GGTCAGGCGGGACTCGTTT,TGTTGGTGATGGACTCGTGGGTCAGGCGGGACTCGTTTCTGGGGTTGCTCTTCGCGC,0.75,1,Takayuki,hela,2.33,-38.54,-198.95,-0.93,-0.93,-2.24,-2.36,-2.35,-2.08,-2.24,-2.35,-3.26,-3.26,-2.36,-3.42,-3.26,-2.08,-2.11,-2.35,-2.24,-3.26,-6.82,-6.82,-11.4,-10.64,-12.44,-10.48,-11.4,-12.44,-13.39,-13.39,-10.64,-14.88,-13.39,-10.48,-10.44,-12.44,-11.4,-13.39,-1.0,0.0,0.0,0.0,0.0,0.0,0.0,1.0,1.0,1.0,0.0,0.0,0.0,0.0,0.0,0.0,1.0,1.0,1.0,0.0,-38.7,0.2,1.1,2.4,4.4,6.0,5.0,6.2,5.1,6.9,7.1,6.2,6.3,7.2,6.6,4.7,6.4,5.1,5.4,2.3,2.3,5.4,5.1,6.4,4.7,6.6,7.2,6.3,6.2,7.1,6.9,5.1,6.2,5.0,6.0,4.4,2.4,1.1,0.2,-37.53,2.97
AACCCCAGAAACGAGUCCC,GGGACTCGTTTCTGGGGTT,ATGGACTCGTGGGTCAGGCGGGACTCGTTTCTGGGGTTGCTCTTCGCGCTAGTGTAC,0.82,1,Takayuki,hela,2.33,-36.95,-193.64,-0.93,-2.24,-3.26,-3.26,-3.26,-2.11,-2.08,-2.35,-0.93,-0.93,-2.24,-2.36,-2.35,-2.08,-2.24,-2.35,-3.26,-3.26,-6.82,-11.4,-13.39,-13.39,-13.39,-10.44,-10.48,-12.44,-6.82,-6.82,-11.4,-10.64,-12.44,-10.48,-11.4,-12.44,-13.39,-13.39,0.0,0.0,0.0,0.0,0.0,0.0,0.0,0.0,0.0,0.0,0.0,0.0,0.0,0.0,0.0,0.0,0.0,0.0,0.0,0.0,-37.1,0.2,1.5,4.4,7.1,7.1,6.6,4.7,6.4,4.5,3.7,4.3,5.8,6.0,5.0,6.2,5.1,6.9,5.6,2.3,2.3,5.6,6.3,5.1,6.2,5.0,6.0,5.8,4.3,3.7,4.5,6.4,4.7,6.6,7.1,7.1,4.4,1.5,0.2,-37.05,3.58
CGCGAAGAGCAACCCCAGA,TCTGGGGTTGCTCTTCGCG,GGGTCAGGCGGGACTCGTTTCTGGGGTTGCTCTTCGCGCTAGTGTACCAGGACGACC,0.18,0,Takayuki,hela,-0.46,-38.41,-198.56,-2.36,-3.42,-2.36,-2.35,-0.93,-2.08,-2.35,-2.08,-3.42,-2.11,-0.93,-2.24,-3.26,-3.26,-3.26,-2.11,-2.08,-2.35,-10.64,-14.88,-10.64,-12.44,-6.82,-10.48,-12.44,-10.48,-14.88,-10.44,-6.82,-11.4,-13.39,-13.39,-13.39,-10.44,-10.48,-12.44,-1.5,0.0,1.5,1.5,0.0,0.0,0.0,0.0,0.0,1.5,1.5,0.0,0.0,0.0,0.0,0.0,0.0,0.0,0.0,0.0,-38.6,0.9,4.7,6.3,6.0,4.5,4.2,6.4,5.0,6.7,6.7,4.2,4.3,6.7,7.1,7.1,6.6,4.6,3.5,0.4,0.4,3.5,4.6,6.6,7.1,7.1,6.7,4.3,4.2,6.7,6.7,5.0,6.4,4.2,4.5,6.0,6.3,4.7,0.9,-37.05,2.36
ACUAGCGCGAAGAGCAACC,GGTTGCTCTTCGCGCTAGT,AGGCGGGACTCGTTTCTGGGGTTGCTCTTCGCGCTAGTGTACCAGGACGACCTCAAG,0.86,1,Takayuki,hela,1.47,-36.5,-193.35,-2.24,-2.08,-1.33,-2.08,-3.42,-2.36,-3.42,-2.36,-2.35,-0.93,-2.08,-2.35,-2.08,-3.42,-2.11,-0.93,-2.24,-3.26,-11.4,-10.48,-7.69,-10.48,-14.88,-10.64,-14.88,-10.64,-12.44,-6.82,-10.48,-12.44,-10.48,-14.88,-10.44,-6.82,-11.4,-13.39,-1.5,0.0,0.0,0.0,0.0,0.0,0.0,0.3,0.3,0.0,0.0,0.0,0.0,0.0,1.5,1.5,0.0,0.0,0.0,0.0,-36.5,0.6,3.3,4.6,4.6,6.7,6.3,6.3,6.3,6.0,4.5,4.2,6.4,5.0,6.7,6.7,4.2,4.3,5.4,2.3,2.3,5.4,4.3,4.2,6.7,6.7,5.0,6.4,4.2,4.5,6.0,6.3,6.3,6.3,6.7,4.6,4.6,3.3,0.6,-34.67,2.18
ACACUAGCGCGAAGAGCAA,TTGCTCTTCGCGCTAGTGT,GCGGGACTCGTTTCTGGGGTTGCTCTTCGCGCTAGTGTACCAGGACGACCTCAAGCA,0.79,1,Takayuki,hela,-0.86,-34.9,-186.68,-2.24,-2.11,-2.24,-2.08,-1.33,-2.08,-3.42,-2.36,-3.42,-2.36,-2.35,-0.93,-2.08,-2.35,-2.08,-3.42,-2.11,-0.93,-11.4,-10.44,-11.4,-10.48,-7.69,-10.48,-14.88,-10.64,-14.88,-10.64,-12.44,-6.82,-10.48,-12.44,-10.48,-14.88,-10.44,-6.82,-1.5,0.0,0.0,0.0,0.0,0.0,0.0,0.0,0.0,0.3,0.3,0.0,0.0,0.0,0.0,0.0,1.5,1.5,0.0,0.0,-34.9,0.6,3.5,4.8,6.2,4.6,4.6,6.7,6.3,6.3,6.3,6.0,4.5,4.2,6.4,5.0,6.7,4.9,1.1,0.0,0.0,1.1,4.9,6.7,5.0,6.4,4.2,4.5,6.0,6.3,6.3,6.3,6.7,4.6,4.6,6.2,4.8,3.5,0.6,-33.07,1.78
AGGUCGUCCUGGUACACUA,TAGTGTACCAGGACGACCT,CTGGGGTTGCTCTTCGCGCTAGTGTACCAGGACGACCTCAAGCACTGGCGGCGGCCC,0.78,1,Takayuki,hela,-0.3,-36.17,-189.34,-2.08,-3.26,-2.24,-2.35,-2.36,-2.24,-2.35,-3.26,-2.08,-2.11,-3.26,-2.24,-1.33,-2.24,-2.11,-2.24,-2.08,-1.33,-10.48,-13.39,-11.4,-12.44,-10.64,-11.4,-12.44,-13.39,-10.48,-10.44,-13.39,-11.4,-7.69,-11.4,-10.44,-11.4,-10.48,-7.69,-1.6,1.3,1.6,1.6,0.0,0.0,0.0,0.0,1.6,1.6,1.3,0.0,0.0,0.0,0.0,0.0,0.0,0.0,0.0,0.0,-36.1,0.6,3.9,6.7,5.1,6.0,5.8,5.1,6.9,6.6,4.7,6.6,6.7,4.7,4.7,6.2,4.8,5.0,1.9,0.5,0.5,1.9,5.0,4.8,6.2,4.7,4.7,6.7,6.6,4.7,6.6,6.9,5.1,5.8,6.0,5.1,6.7,3.9,0.6,-34.31,1.12
UGAGGUCGUCCUGGUACAC,GTGTACCAGGACGACCTCA,GGGGTTGCTCTTCGCGCTAGTGTACCAGGACGACCTCAAGCACTGGCGGCGGCCCTA,0.8,1,Takayuki,hela,1.03,-37.67,-197.77,-2.11,-2.35,-2.08,-3.26,-2.24,-2.35,-2.36,-2.24,-2.35,-3.26,-2.08,-2.11,-3.26,-2.24,-1.33,-2.24,-2.11,-2.24,-10.44,-12.44,-10.48,-13.39,-11.4,-12.44,-10.64,-11.4,-12.44,-13.39,-10.48,-10.44,-13.39,-11.4,-7.69,-11.4,-10.44,-11.4,-2.2,0.1,0.0,1.9,2.2,2.2,0.0,0.0,0.0,0.0,2.2,2.2,1.9,0.0,0.1,0.0,0.0,0.0,0.0,0.0,-37.7,0.1,3.8,5.0,6.6,6.7,5.1,6.0,5.8,5.1,6.9,6.6,4.7,6.6,6.7,4.7,4.7,6.2,2.8,2.1,2.1,2.8,6.2,4.7,4.7,6.7,6.6,4.7,6.6,6.9,5.1,5.8,6.0,5.1,6.7,6.6,5.0,3.8,0.1,-35.52,1.33
CUUGAGGUCGUCCUGGUAC,GTACCAGGACGACCTCAAG,GGTTGCTCTTCGCGCTAGTGTACCAGGACGACCTCAAGCACTGGCGGCGGCCCTAGT,0.73,1,Takayuki,hela,0.16,-36.78,-196.95,-2.08,-0.93,-2.11,-2.35,-2.08,-3.26,-2.24,-2.35,-2.36,-2.24,-2.35,-3.26,-2.08,-2.11,-3.26,-2.24,-1.33,-2.24,-10.48,-6.82,-10.44,-12.44,-10.48,-13.39,-11.4,-12.44,-10.64,-11.4,-12.44,-13.39,-10.48,-10.44,-13.39,-11.4,-7.69,-11.4,-2.2,0.0,0.0,0.1,0.0,1.9,2.2,2.2,0.0,0.0,0.0,0.0,2.2,2.2,1.9,0.0,0.1,0.0,0.0,0.0,-36.9,1.6,2.5,3.6,6.4,5.0,6.6,6.7,5.1,6.0,5.8,5.1,6.9,6.6,4.7,6.6,6.7,4.6,3.2,2.1,2.1,3.2,4.6,6.7,6.6,4.7,6.6,6.9,5.1,5.8,6.0,5.1,6.7,6.6,5.0,6.4,3.6,2.5,1.6,-34.68,1.22
GUGCUUGAGGUCGUCCUGG,CCAGGACGACCTCAAGCAC,TGCTCTTCGCGCTAGTGTACCAGGACGACCTCAAGCACTGGCGGCGGCCCTAGTGAG,0.76,1,Takayuki,hela,0.57,-38.74,-203.18,-2.24,-2.11,-3.42,-2.08,-0.93,-2.11,-2.35,-2.08,-3.26,-2.24,-2.35,-2.36,-2.24,-2.35,-3.26,-2.08,-2.11,-3.26,-11.4,-10.44,-14.88,-10.48,-6.82,-10.44,-12.44,-10.48,-13.39,-11.4,-12.44,-10.64,-11.4,-12.44,-13.39,-10.48,-10.44,-13.39,-2.1,0.0,0.0,0.0,0.0,0.0,0.0,0.0,1.8,2.1,2.1,0.0,0.0,0.0,0.0,2.1,2.1,1.8,0.0,0.0,-38.9,2.1,2.8,6.6,6.7,4.2,4.2,6.4,5.0,6.6,6.7,5.1,6.0,5.8,5.1,6.9,6.6,4.7,5.1,1.8,1.8,5.1,4.7,6.6,6.9,5.1,5.8,6.0,5.1,6.7,6.6,5.0,6.4,4.2,4.2,6.7,6.6,2.8,2.1,-36.71,1.2
GCCAGUGCUUGAGGUCGUC,GACGACCTCAAGCACTGGC,CTTCGCGCTAGTGTACCAGGACGACCTCAAGCACTGGCGGCGGCCCTAGTGAGAGCC,0.77,1,Takayuki,hela,-0.62,-38.9,-204.67,-3.42,-3.26,-2.11,-2.08,-2.24,-2.11,-3.42,-2.08,-0.93,-2.11,-2.35,-2.08,-3.26,-2.24,-2.35,-2.36,-2.24,-2.35,-14.88,-13.39,-10.44,-10.48,-11.4,-10.44,-14.88,-10.48,-6.82,-10.44,-12.44,-10.48,-13.39,-11.4,-12.44,-10.64,-11.4,-12.44,-0.5,0.5,0.5,0.5,0.0,0.0,0.0,0.0,0.0,0.0,0.0,0.0,0.0,0.5,0.5,0.5,0.0,0.0,0.0,0.0,-39.0,2.3,5.2,6.6,4.7,6.2,4.8,6.7,6.7,4.2,4.2,6.4,5.0,6.6,6.7,5.1,6.0,5.5,3.5,2.2,2.2,3.5,5.5,6.0,5.1,6.7,6.6,5.0,6.4,4.2,4.2,6.7,6.7,4.8,6.2,4.7,6.6,5.2,2.3,-38.01,0.67
GGCCGCCGCCAGUGCUUGA,TCAAGCACTGGCGGCGGCC,CTAGTGTACCAGGACGACCTCAAGCACTGGCGGCGGCCCTAGTGAGAGCCGTACCTG,0.31,0,Takayuki,hela,-1.36,-42.91,-209.97,-3.26,-3.42,-3.26,-2.36,-3.42,-3.26,-2.36,-3.42,-3.26,-2.11,-2.08,-2.24,-2.11,-3.42,-2.08,-0.93,-2.11,-2.35,-13.39,-14.88,-13.39,-10.64,-14.88,-13.39,-10.64,-14.88,-13.39,-10.44,-10.48,-11.4,-10.44,-14.88,-10.48,-6.82,-10.44,-12.44,-3.9,2.9,2.9,2.9,0.0,0.0,0.0,0.0,2.9,2.9,2.9,0.0,0.0,0.0,0.0,0.0,0.0,0.0,0.0,0.0,-43.0,2.3,5.6,7.2,6.2,6.3,7.2,6.2,6.3,7.2,6.6,4.7,6.2,4.8,6.7,6.7,4.2,4.2,3.7,0.4,0.4,3.7,4.2,4.2,6.7,6.7,4.8,6.2,4.7,6.6,7.2,6.3,6.2,7.2,6.3,6.2,7.2,5.6,2.3,-39.08,3.56
GGCUCUCACUAGGGCCGCC,GGCGGCCCTAGTGAGAGCC,GACGACCTCAAGCACTGGCGGCGGCCCTAGTGAGAGCCGTACCTGCTCGACATGTTC,0.3,0,Takayuki,hela,0.0,-43.53,-214.95,-3.26,-3.42,-2.08,-2.35,-2.08,-2.35,-2.11,-2.24,-2.08,-1.33,-2.08,-3.26,-3.26,-3.42,-3.26,-2.36,-3.42,-3.26,-13.39,-14.88,-10.48,-12.44,-10.48,-12.44,-10.44,-11.4,-10.48,-7.69,-10.48,-13.39,-13.39,-14.88,-13.39,-10.64,-14.88,-13.39,-8.5,4.0,7.2,6.7,4.0,3.3,0.9,0.0,0.0,0.0,0.0,0.9,3.3,4.1,6.7,4.5,4.0,0.0,0.0,0.0,-43.8,2.3,5.6,6.7,5.0,6.4,5.0,6.4,4.8,6.2,4.6,4.6,6.6,7.1,7.2,7.2,6.2,6.3,5.6,2.3,2.3,5.6,6.3,6.2,7.2,7.2,7.1,6.6,4.6,4.6,6.2,4.8,6.4,5.0,6.4,5.0,6.7,5.6,2.3,-35.17,3.84
GGUACGGCUCUCACUAGGG,CCCTAGTGAGAGCCGTACC,CCTCAAGCACTGGCGGCGGCCCTAGTGAGAGCCGTACCTGCTCGACATGTTCATTXX,0.25,0,Takayuki,hela,0.0,-39.24,-202.29,-3.26,-2.24,-1.33,-2.24,-2.36,-3.26,-3.42,-2.08,-2.35,-2.08,-2.35,-2.11,-2.24,-2.08,-1.33,-2.08,-3.26,-3.26,-13.39,-11.4,-7.69,-11.4,-10.64,-13.39,-14.88,-10.48,-12.44,-10.48,-12.44,-10.44,-11.4,-10.48,-7.69,-10.48,-13.39,-13.39,-0.3,0.0,0.0,0.0,0.0,0.0,0.0,0.0,0.3,0.3,0.3,0.3,0.0,0.0,0.0,0.0,0.3,0.3,0.3,0.3,-39.4,2.3,5.4,4.7,4.7,5.8,6.2,7.2,6.7,5.0,6.4,5.0,6.4,4.8,6.2,4.6,4.6,6.6,5.1,1.8,1.8,5.1,5.8,4.6,4.6,6.2,4.8,6.4,5.0,6.4,5.0,6.7,7.2,6.2,5.8,4.7,4.7,5.4,2.3,-38.48,0.21
GUCGAGCAGGUACGGCUCU,AGAGCCGTACCTGCTCGAC,ACTGGCGGCGGCCCTAGTGAGAGCCGTACCTGCTCGACATGTTCATTXXXXXXXXXX,0.85,1,Takayuki,hela,-1.06,-39.07,-202.06,-2.24,-2.35,-2.36,-2.35,-2.08,-3.42,-2.11,-2.08,-3.26,-2.24,-1.33,-2.24,-2.36,-3.26,-3.42,-2.08,-2.35,-2.08,-11.4,-12.44,-10.64,-12.44,-10.48,-14.88,-10.44,-10.48,-13.39,-11.4,-7.69,-11.4,-10.64,-13.39,-14.88,-10.48,-12.44,-10.48,-4.7,0.0,0.0,0.0,3.6,1.5,1.5,1.5,0.0,0.0,0.0,0.0,0.0,0.0,0.0,3.1,4.7,1.5,1.5,0.0,-39.2,2.1,3.1,5.5,6.0,5.0,6.7,6.7,4.7,6.6,6.7,4.7,4.7,5.8,6.2,7.2,6.7,5.0,3.8,0.6,0.6,3.8,5.0,6.7,7.2,6.2,5.8,4.7,4.7,6.7,6.6,4.7,6.7,6.7,5.0,6.0,5.5,3.1,2.1,-34.44,4.14
ACAUGUCGAGCAGGUACGG,CCGTACCTGCTCGACATGT,GCGGCGGCCCTAGTGAGAGCCGTACCTGCTCGACATGTTCATTXXXXXXXXXXXXXX,0.75,1,Takayuki,hela,1.47,-36.7,-195.44,-2.24,-2.11,-1.1,-2.11,-2.24,-2.35,-2.36,-2.35,-2.08,-3.42,-2.11,-2.08,-3.26,-2.24,-1.33,-2.24,-2.36,-3.26,-11.4,-10.44,-9.38,-10.44,-11.4,-12.44,-10.64,-12.44,-10.48,-14.88,-10.44,-10.48,-13.39,-11.4,-7.69,-11.4,-10.64,-13.39,0.0,0.0,0.0,0.0,0.0,0.0,0.0,0.0,0.0,0.0,0.0,0.0,0.0,0.0,0.0,0.0,0.0,0.0,0.0,0.0,-36.7,0.6,3.5,4.4,4.4,6.2,5.1,6.0,6.0,5.0,6.7,6.7,4.7,6.6,6.7,4.7,4.7,5.8,4.2,1.8,1.8,4.2,5.8,4.7,4.7,6.7,6.6,4.7,6.7,6.7,5.0,6.0,6.0,5.1,6.2,4.4,4.4,3.5,0.6,-35.94,0.54
AAUGAACAUGUCGAGCAGG,CCTGCTCGACATGTTCATT,GGCCCTAGTGAGAGCCGTACCTGCTCGACATGTTCATTXXXXXXXXXXXXXXXXXXX,0.85,1,Takayuki,hela,2.33,-32.69,-186.82,-0.93,-1.1,-2.11,-2.35,-0.93,-2.24,-2.11,-1.1,-2.11,-2.24,-2.35,-2.36,-2.35,-2.08,-3.42,-2.11,-2.08,-3.26,-6.82,-9.38,-10.44,-12.44,-6.82,-11.4,-10.44,-9.38,-10.44,-11.4,-12.44,-10.64,-12.44,-10.48,-14.88,-10.44,-10.48,-13.39,0.0,0.0,0.0,0.0,0.0,0.0,0.0,0.0,0.0,0.0,0.0,0.0,0.0,0.0,0.0,0.0,0.0,0.0,0.0,0.0,-32.7,0.2,1.4,2.1,5.8,4.5,4.3,6.2,4.4,4.4,6.2,5.1,6.0,6.0,5.0,6.7,6.7,4.7,4.9,1.8,1.8,4.9,4.7,6.7,6.7,5.0,6.0,6.0,5.1,6.2,4.4,4.4,6.2,4.3,4.5,5.8,2.1,1.4,0.2,-32.44,0.17
CCAGCUCCUUCUUAUACUG,CAGTATAAGAAGGAGCTGG,GCATGAGGACCAGGTGGAGCAGTATAAGAAGGAGCTGGAGAAGACTTATTCTGCCAA,0.95,1,harborth,hela,-0.7,-33.03,-186.01,-3.26,-2.11,-2.08,-3.42,-2.08,-2.35,-3.26,-2.08,-0.93,-2.35,-2.08,-0.93,-1.33,-1.1,-1.33,-2.24,-2.08,-2.11,-13.39,-10.44,-10.48,-14.88,-10.48,-12.44,-13.39,-10.48,-6.82,-12.44,-10.48,-6.82,-7.69,-9.38,-7.69,-11.4,-10.48,-10.44,0.0,0.0,0.0,0.0,0.0,0.0,0.0,0.0,0.0,0.0,0.0,0.0,0.0,0.0,0.0,0.0,0.0,0.0,0.0,0.0,-33.1,1.8,5.1,4.7,6.7,6.7,5.0,6.9,6.6,4.2,4.5,6.4,4.2,4.1,4.3,4.3,4.7,6.2,3.2,1.8,1.8,3.2,6.2,4.7,4.3,4.3,4.1,4.2,6.4,4.5,4.2,6.6,6.9,5.0,6.7,6.7,4.7,5.1,1.8,-33.0,2.05
CUCCAGCUCCUUCUUAUAC,GTATAAGAAGGAGCTGGAG,ATGAGGACCAGGTGGAGCAGTATAAGAAGGAGCTGGAGAAGACTTATTCTGCCAAGC,0.96,1,harborth,hela,0.16,-33.27,-188.01,-2.08,-2.35,-3.26,-2.11,-2.08,-3.42,-2.08,-2.35,-3.26,-2.08,-0.93,-2.35,-2.08,-0.93,-1.33,-1.1,-1.33,-2.24,-10.48,-12.44,-13.39,-10.44,-10.48,-14.88,-10.48,-12.44,-13.39,-10.48,-6.82,-12.44,-10.48,-6.82,-7.69,-9.38,-7.69,-11.4,0.0,0.0,0.0,0.0,0.0,0.0,0.0,0.0,0.0,0.0,0.0,0.0,0.0,0.0,0.0,0.0,0.0,0.0,0.0,0.0,-33.4,1.6,3.0,6.3,6.6,4.7,6.7,6.7,5.0,6.9,6.6,4.2,4.5,6.4,4.2,4.1,4.3,4.3,3.2,2.1,2.1,3.2,4.3,4.3,4.1,4.2,6.4,4.5,4.2,6.6,6.9,5.0,6.7,6.7,4.7,6.6,6.3,3.0,1.6,-33.39,0.09
GUCUUCUCCAGCUCCUUCU,AGAAGGAGCTGGAGAAGAC,GACCAGGTGGAGCAGTATAAGAAGGAGCTGGAGAAGACTTATTCTGCCAAGCTGGAC,0.96,1,harborth,hela,-1.06,-35.84,-194.89,-2.24,-2.35,-2.08,-0.93,-2.35,-2.08,-2.35,-3.26,-2.11,-2.08,-3.42,-2.08,-2.35,-3.26,-2.08,-0.93,-2.35,-2.08,-11.4,-12.44,-10.48,-6.82,-12.44,-10.48,-12.44,-13.39,-10.44,-10.48,-14.88,-10.48,-12.44,-13.39,-10.48,-6.82,-12.44,-10.48,0.0,0.0,0.0,0.0,0.0,0.0,0.0,0.0,0.0,0.0,0.0,0.0,0.0,0.0,0.0,0.0,0.0,0.0,0.0,0.0,-36.1,2.1,3.1,6.2,4.2,4.5,6.4,5.0,6.9,6.6,4.7,6.7,6.7,5.0,6.9,6.6,4.2,4.5,3.8,0.6,0.6,3.8,4.5,4.2,6.6,6.9,5.0,6.7,6.7,4.7,6.6,6.9,5.0,6.4,4.5,4.2,6.2,3.1,2.1,-36.03,0.19
AGAAUAAGUCUUCUCCAGC,GCTGGAGAAGACTTATTCT,TGGAGCAGTATAAGAAGGAGCTGGAGAAGACTTATTCTGCCAAGCTGGACAATGCCA,0.96,1,harborth,hela,1.79,-31.51,-182.47,-2.08,-2.35,-0.93,-1.1,-1.33,-0.93,-2.08,-2.24,-2.35,-2.08,-0.93,-2.35,-2.08,-2.35,-3.26,-2.11,-2.08,-3.42,-10.48,-12.44,-6.82,-9.38,-7.69,-6.82,-10.48,-11.4,-12.44,-10.48,-6.82,-12.44,-10.48,-12.44,-13.39,-10.44,-10.48,-14.88,0.0,0.0,0.0,0.0,0.0,0.0,0.0,0.0,0.0,0.0,0.0,0.0,0.0,0.0,0.0,0.0,0.0,0.0,0.0,0.0,-31.6,0.6,3.8,4.5,3.9,4.3,4.1,4.2,6.2,5.1,6.4,4.2,4.5,6.4,5.0,6.9,6.6,4.7,5.0,2.3,2.3,5.0,4.7,6.6,6.9,5.0,6.4,4.5,4.2,6.4,5.1,6.2,4.2,4.1,4.3,3.9,4.5,3.8,0.6,-30.99,1.43
GUCCUCCAGGUCUCGAAGC,GCTTCGAGACCTGGAGGAC,TGGCAGCCAAGGAGGCGAAGCTTCGAGACCTGGAGGACTCACTGGCCCGTGAGCGGG,0.96,1,harborth,hela,0.73,-39.06,-206.26,-2.24,-2.35,-3.26,-2.08,-2.35,-3.26,-2.11,-2.08,-3.26,-2.24,-2.35,-2.08,-2.35,-2.36,-2.35,-0.93,-2.08,-3.42,-11.4,-12.44,-13.39,-10.48,-12.44,-13.39,-10.44,-10.48,-13.39,-11.4,-12.44,-10.48,-12.44,-10.64,-12.44,-6.82,-10.48,-14.88,-0.5,0.5,0.0,0.5,0.5,0.0,0.0,0.0,0.0,0.5,0.5,0.0,0.5,0.0,0.0,0.0,0.0,0.0,0.0,0.0,-39.4,2.1,3.1,6.4,6.6,5.0,6.9,6.6,4.7,6.6,6.7,5.1,6.4,5.0,6.0,6.0,4.5,4.2,5.0,2.3,2.3,5.0,4.2,4.5,6.0,6.0,5.0,6.4,5.1,6.7,6.6,4.7,6.6,6.9,5.0,6.6,6.4,3.1,2.1,-39.12,3.51
AAUAGGAUCUCUGGCAUGC,GCATGCCAGAGATCCTATT,CTGCCTGCGTGAGATTCTCGCATGCCAGAGATCCTATTTTTGGCAATCAAATCATTC,0.92,1,ui-tei,hela,2.49,-34.0,-191.94,-0.93,-1.1,-1.33,-2.08,-3.26,-2.35,-1.1,-2.35,-2.08,-2.35,-2.08,-2.11,-3.26,-3.42,-2.11,-1.1,-2.11,-3.42,-6.82,-9.38,-7.69,-10.48,-13.39,-12.44,-9.38,-12.44,-10.48,-12.44,-10.48,-10.44,-13.39,-14.88,-10.44,-9.38,-10.44,-14.88,0.0,0.0,0.0,0.0,0.0,0.0,0.0,0.0,0.0,0.0,0.0,0.0,0.0,0.0,0.0,0.0,0.0,0.0,0.0,0.0,-34.1,0.2,1.4,2.5,3.9,6.6,6.9,4.7,4.7,6.4,5.0,6.4,4.7,6.6,7.2,6.7,4.4,4.4,5.2,2.3,2.3,5.2,4.4,4.4,6.7,7.2,6.6,4.7,6.4,5.0,6.4,4.7,4.7,6.9,6.6,3.9,2.5,1.4,0.2,-33.85,0.05
UUAAAAUCGCAGUAUCCGG,CCGGATACTGCGATTTTAA,TTTTGGCAATCAAATCATTCCGGATACTGCGATTTTAAGTGTTGTTCCATTCCATCA,0.92,1,ui-tei,hela,2.33,-29.83,-174.23,-0.93,-1.33,-0.93,-0.93,-0.93,-1.1,-2.35,-2.36,-3.42,-2.11,-2.08,-2.24,-1.33,-1.1,-2.35,-3.26,-2.36,-3.26,-6.82,-7.69,-6.82,-6.82,-6.82,-9.38,-12.44,-10.64,-14.88,-10.44,-10.48,-11.4,-7.69,-9.38,-12.44,-13.39,-10.64,-13.39,0.0,0.0,0.0,0.0,0.0,0.0,0.0,0.0,0.0,0.0,0.0,0.0,0.0,0.0,0.0,0.0,0.0,0.0,0.0,0.0,-29.9,0.0,1.5,2.5,3.4,3.7,3.9,4.7,6.0,6.3,6.7,4.7,6.2,4.7,4.3,4.7,6.9,6.2,4.2,1.8,1.8,4.2,6.2,6.9,4.7,4.3,4.7,6.2,4.7,6.7,6.3,6.0,4.7,3.9,3.7,3.4,2.5,1.5,0.0,-29.8,0.56
UACAUAACCGGACAUAAUC,GATTATGTCCGGTTATGTA,TGTGTGTGAGAGGTCCTATGATTATGTCCGGTTATGTAAACAATCCGGAAGCGACCA,0.96,1,ui-tei,hela,1.47,-29.13,-174.9,-1.33,-2.24,-2.11,-1.1,-1.33,-0.93,-2.24,-3.26,-2.36,-3.26,-2.35,-2.24,-2.11,-1.1,-1.33,-0.93,-1.1,-2.35,-7.69,-11.4,-10.44,-9.38,-7.69,-6.82,-11.4,-13.39,-10.64,-13.39,-12.44,-11.4,-10.44,-9.38,-7.69,-6.82,-9.38,-12.44,0.0,0.0,0.0,0.0,0.0,0.0,0.0,0.0,0.0,0.0,0.0,0.0,0.0,0.0,0.0,0.0,0.0,0.0,0.0,0.0,-29.0,0.5,1.9,4.8,4.4,4.3,4.1,4.3,6.7,6.2,6.2,6.9,5.1,6.2,4.4,4.3,4.1,3.9,3.4,2.2,2.2,3.4,3.9,4.1,4.3,4.4,6.2,5.1,6.9,6.2,6.2,6.7,4.3,4.1,4.3,4.4,4.8,1.9,0.5,-29.0,0.29
CGGGCGGACAUGGGGAGAU,ATCTCCCCATGTCCGCCCG,AGGCTCAGAGGTATTGGGGATCTCCCCATGTCCGCCCGCATACGAGTTCTGCGGAGG,0.25,0,ui-tei,hela,-1.26,-40.95,-208.01,-2.36,-3.26,-3.26,-3.42,-2.36,-3.26,-2.35,-2.24,-2.11,-1.1,-2.11,-3.26,-3.26,-3.26,-2.35,-2.08,-2.35,-1.1,-10.64,-13.39,-13.39,-14.88,-10.64,-13.39,-12.44,-11.4,-10.44,-9.38,-10.44,-13.39,-13.39,-13.39,-12.44,-10.48,-12.44,-9.38,0.0,0.0,0.0,0.0,0.0,0.0,0.0,0.0,0.0,0.0,0.0,0.0,0.0,0.0,0.0,0.0,0.0,0.0,0.0,0.0,-41.3,0.9,4.7,7.1,7.2,6.3,6.2,6.9,5.1,6.2,4.4,4.4,6.6,7.1,7.1,6.9,5.0,4.6,1.5,0.5,0.5,1.5,4.6,5.0,6.9,7.1,7.1,6.6,4.4,4.4,6.2,5.1,6.9,6.2,6.3,7.2,7.1,4.7,0.9,-41.22,0.01
GGGGCCGCAGCUUACACAU,ATGTGTAAGCTGCGGCCCC,GCAGCTCAGCCTTAAGAACATGTGTAAGCTGCGGCCCCTGCTGGAGAAGTGGGTGGA,0.25,0,ui-tei,hela,-2.16,-39.45,-200.48,-3.26,-3.26,-3.26,-3.42,-3.26,-2.36,-3.42,-2.11,-2.08,-3.42,-2.08,-0.93,-1.33,-2.24,-2.11,-2.24,-2.11,-1.1,-13.39,-13.39,-13.39,-14.88,-13.39,-10.64,-14.88,-10.44,-10.48,-14.88,-10.48,-6.82,-7.69,-11.4,-10.44,-11.4,-10.44,-9.38,-2.0,0.0,0.9,2.0,2.0,2.0,0.0,0.0,0.0,0.0,2.0,2.0,2.0,0.9,0.0,0.0,0.0,0.0,0.0,0.0,-39.4,2.3,5.6,6.3,6.3,7.2,6.2,6.3,6.7,4.7,6.7,6.7,4.2,4.1,4.7,6.2,4.8,4.8,1.2,0.5,0.5,1.2,4.8,4.8,6.2,4.7,4.1,4.2,6.7,6.7,4.7,6.7,6.3,6.2,7.2,7.1,7.1,5.6,2.3,-37.22,1.71
UACAGAACCAUACUCGAAC,GTTCGAGTATGGTTCTGTA,TGGGCTAGAGAAGGATGTGGTTCGAGTATGGTTCTGTAACCGGCGCCAGAAGGGCAA,0.85,1,ui-tei,hela,1.36,-31.09,-179.86,-1.33,-2.24,-2.11,-2.08,-2.35,-0.93,-2.24,-3.26,-2.11,-1.1,-1.33,-2.24,-2.08,-2.35,-2.36,-2.35,-0.93,-2.24,-7.69,-11.4,-10.44,-10.48,-12.44,-6.82,-11.4,-13.39,-10.44,-9.38,-7.69,-11.4,-10.48,-12.44,-10.64,-12.44,-6.82,-11.4,0.0,0.0,0.0,0.0,0.0,0.0,0.0,0.0,0.0,0.0,0.0,0.0,0.0,0.0,0.0,0.0,0.0,0.0,0.0,0.0,-31.0,0.5,1.9,4.8,4.7,6.4,4.5,4.3,6.7,6.6,4.4,4.3,4.7,6.2,5.0,6.0,6.0,4.0,2.6,2.1,2.1,2.6,4.0,6.0,6.0,5.0,6.2,4.7,4.3,4.4,6.6,6.7,4.3,4.5,6.4,4.7,4.8,1.9,0.5,-30.95,0.23
AUCUUUUGCCCUUCUGGCG,CGCCAGAAGGGCAAAAGAT,AGTATGGTTCTGTAACCGGCGCCAGAAGGGCAAAAGATCAAGTATTGAGTATTCCCA,0.85,1,ui-tei,hela,1.26,-34.42,-187.1,-1.1,-2.35,-2.08,-0.93,-0.93,-0.93,-2.11,-3.42,-3.26,-3.26,-2.08,-0.93,-2.35,-2.08,-2.11,-3.26,-3.42,-2.36,-9.38,-12.44,-10.48,-6.82,-6.82,-6.82,-10.44,-14.88,-13.39,-13.39,-10.48,-6.82,-12.44,-10.48,-10.44,-13.39,-14.88,-10.64,-3.3,0.0,0.0,0.0,0.0,0.0,0.0,0.0,2.8,2.4,2.4,0.0,0.0,0.0,0.0,0.0,3.3,3.3,2.8,0.0,-34.5,0.5,1.5,4.6,4.2,3.7,3.7,4.2,6.7,7.2,7.1,6.6,4.2,4.5,6.4,4.7,6.6,7.2,4.7,0.9,0.9,4.7,7.2,6.6,4.7,6.4,4.5,4.2,6.6,7.1,7.2,6.7,4.2,3.7,3.7,4.2,4.6,1.5,0.5,-30.92,3.91
CGCCCGGGGACGAGGCGUA,TACGCCTCGTCCCCGGGCG,CAGTACCAGCCGCAGCCTCTACGCCTCGTCCCCGGGCGGCGTGTATGCCACGCGCTC,0.25,0,ui-tei,hela,-1.03,-43.89,-211.18,-2.36,-3.42,-3.26,-3.26,-2.36,-3.26,-3.26,-3.26,-2.35,-2.24,-2.36,-2.35,-2.08,-3.26,-3.42,-2.36,-2.24,-1.33,-10.64,-14.88,-13.39,-13.39,-10.64,-13.39,-13.39,-13.39,-12.44,-11.4,-10.64,-12.44,-10.48,-13.39,-14.88,-10.64,-11.4,-7.69,-8.5,1.5,5.3,5.8,5.1,3.8,3.2,0.0,0.0,0.0,0.0,3.2,3.8,0.0,5.1,6.9,5.3,1.5,0.0,0.0,-44.2,0.9,4.7,7.2,7.1,6.2,6.2,7.1,7.1,6.9,5.1,5.8,6.0,5.0,6.6,7.2,6.3,3.9,1.9,0.5,0.5,1.9,3.9,6.3,7.2,6.6,5.0,6.0,5.8,5.1,6.9,7.1,7.1,6.2,6.2,7.1,7.2,4.7,0.9,-35.64,7.12
UUGAACUCGGUGUUGAUGG,CCATCAACACCGAGTTCAA,GACTTCTCGCTGGCCGACGCCATCAACACCGAGTTCAAGAACACCCGCACCAACGAG,0.85,1,ui-tei,hela,2.33,-32.52,-183.69,-0.93,-2.11,-2.35,-0.93,-2.24,-2.08,-2.35,-2.36,-3.26,-2.24,-2.11,-2.24,-0.93,-2.11,-2.35,-1.1,-2.11,-3.26,-6.82,-10.44,-12.44,-6.82,-11.4,-10.48,-12.44,-10.64,-13.39,-11.4,-10.44,-11.4,-6.82,-10.44,-12.44,-9.38,-10.44,-13.39,-0.5,0.0,0.3,0.0,0.5,0.5,0.5,0.0,0.0,0.0,0.0,0.0,0.5,0.5,0.5,0.0,0.3,0.0,0.0,0.0,-32.6,0.0,1.1,4.8,4.5,4.3,6.2,5.0,6.0,6.2,6.7,4.8,6.2,4.3,4.2,6.4,4.7,4.4,5.1,1.8,1.8,5.1,4.4,4.7,6.4,4.2,4.3,6.2,4.8,6.7,6.2,6.0,5.0,6.2,4.3,4.5,4.8,1.1,0.0,-31.87,0.22
UCAUAUUCUGAAUCUCAUC,GATGAGATTCAGAATATGA,CACTATTGGCCGCCTGCAGGATGAGATTCAGAATATGAAGGAGGAAATGGCTCGTCA,0.85,1,ui-tei,hela,0.9,-27.64,-178.44,-2.35,-2.11,-1.1,-1.33,-1.1,-0.93,-2.35,-2.08,-2.11,-2.35,-0.93,-1.1,-2.35,-2.08,-2.35,-2.11,-1.1,-2.35,-12.44,-10.44,-9.38,-7.69,-9.38,-6.82,-12.44,-10.48,-10.44,-12.44,-6.82,-9.38,-12.44,-10.48,-12.44,-10.44,-9.38,-12.44,0.0,0.0,0.0,0.0,0.0,0.0,0.0,0.0,0.0,0.0,0.0,0.0,0.0,0.0,0.0,0.0,0.0,0.0,0.0,0.0,-27.8,0.4,3.7,4.4,4.3,4.3,3.9,4.5,6.4,4.7,6.4,4.5,3.9,4.7,6.4,5.0,6.4,4.1,3.4,2.2,2.2,3.4,4.1,6.4,5.0,6.4,4.7,3.9,4.5,6.4,4.7,6.4,4.5,3.9,4.3,4.3,4.4,3.7,0.4,-27.45,0.69
UUGCUUCUUUAUCCUUACA,TGTAAGGATAAAGAAGCAA,GATAATGGGCTGTGTGCAATGTAAGGATAAAGAAGCAACAAAACTGACGGAGGAGAG,0.7,0,Shabalina,hela,0.73,-27.5,-164.68,-0.93,-2.11,-3.42,-2.08,-0.93,-2.35,-2.08,-0.93,-0.93,-1.33,-1.1,-2.35,-3.26,-2.08,-0.93,-1.33,-2.24,-2.11,-6.82,-10.44,-14.88,-10.48,-6.82,-12.44,-10.48,-6.82,-6.82,-7.69,-9.38,-12.44,-13.39,-10.48,-6.82,-7.69,-11.4,-10.44,0.0,0.0,0.0,0.0,0.0,0.0,0.0,0.0,0.0,0.0,0.0,0.0,0.0,0.0,0.0,0.0,0.0,0.0,0.0,0.0,-27.4,0.0,1.1,4.9,6.7,4.2,4.5,6.4,4.2,3.7,4.1,4.3,4.7,6.9,6.6,4.2,4.1,4.7,3.7,0.1,0.1,3.7,4.7,4.1,4.2,6.6,6.9,4.7,4.3,4.1,3.7,4.2,6.4,4.5,4.2,6.7,4.9,1.1,0.0,-27.4,0.1
AUAAUUCAUGCGCUCGAUG,CATCGAGCGCATGAATTAT,TGGCTGCAGGAATGGCTTACATCGAGCGCATGAATTATATCCATAGAGATCTGCGAT,0.82,1,Shabalina,hela,1.46,-30.07,-181.68,-1.1,-1.33,-0.93,-1.1,-0.93,-2.35,-2.11,-1.1,-2.11,-3.42,-2.36,-3.42,-2.08,-2.35,-2.36,-2.35,-1.1,-2.11,-9.38,-7.69,-6.82,-9.38,-6.82,-12.44,-10.44,-9.38,-10.44,-14.88,-10.64,-14.88,-10.48,-12.44,-10.64,-12.44,-9.38,-10.44,0.0,0.0,0.0,0.0,0.0,0.0,0.0,0.0,0.0,0.0,0.0,0.0,0.0,0.0,0.0,0.0,0.0,0.0,0.0,0.0,-30.1,0.5,1.6,2.6,3.8,3.9,4.5,6.4,4.4,4.4,6.7,6.3,6.3,6.7,5.0,6.0,6.0,4.1,3.1,1.8,1.8,3.1,4.1,6.0,6.0,5.0,6.7,6.3,6.3,6.7,4.4,4.4,6.4,4.5,3.9,3.8,2.6,1.6,0.5,-29.94,0.18
CAGCAGCAACUUGAAGAGG,CCTCTTCAAGTTGCTGCTG,TGGCCAAAGCCTACGACCACCTCTTCAAGTTGCTGCTGATCGGGGACTCGGGGGTGG,0.77,1,Shabalina,hela,0.7,-34.58,-190.44,-2.11,-2.08,-3.42,-2.11,-2.08,-3.42,-2.11,-0.93,-2.24,-2.08,-0.93,-2.11,-2.35,-0.93,-2.08,-2.35,-2.08,-3.26,-10.44,-10.48,-14.88,-10.44,-10.48,-14.88,-10.44,-6.82,-11.4,-10.48,-6.82,-10.44,-12.44,-6.82,-10.48,-12.44,-10.48,-13.39,0.0,0.0,0.0,0.0,0.0,0.0,0.0,0.0,0.0,0.0,0.0,0.0,0.0,0.0,0.0,0.0,0.0,0.0,0.0,0.0,-34.6,1.8,3.2,6.5,6.7,4.7,6.7,6.7,4.2,4.3,6.2,4.2,4.2,6.4,4.5,4.2,6.4,5.0,4.9,1.8,1.8,4.9,5.0,6.4,4.2,4.5,6.4,4.2,4.2,6.2,4.3,4.2,6.7,6.7,4.7,6.7,6.5,3.2,1.8,-34.19,0.81
AAAGUUCAUGACAACAAGG,CCTTGTTGTCATGAACTTT,TTGCCAGCACCATCCTGCACCTTGTTGTCATGAACTTTGTTGGCTGAATCATTCTCA,0.95,1,Shabalina,hela,2.33,-28.49,-171.34,-0.93,-0.93,-2.08,-2.24,-0.93,-2.35,-2.11,-1.1,-2.11,-2.35,-2.24,-2.11,-0.93,-2.24,-2.11,-0.93,-2.08,-3.26,-6.82,-6.82,-10.48,-11.4,-6.82,-12.44,-10.44,-9.38,-10.44,-12.44,-11.4,-10.44,-6.82,-11.4,-10.44,-6.82,-10.48,-13.39,0.0,0.0,0.0,0.0,0.0,0.0,0.0,0.0,0.0,0.0,0.0,0.0,0.0,0.0,0.0,0.0,0.0,0.0,0.0,0.0,-28.3,0.2,1.1,2.4,5.5,4.3,4.5,6.4,4.4,4.4,6.4,5.1,6.2,4.2,4.3,6.2,4.2,4.2,4.9,1.8,1.8,4.9,4.2,4.2,6.2,4.3,4.2,6.2,5.1,6.4,4.4,4.4,6.4,4.5,4.3,5.5,2.4,1.1,0.2,-27.95,0.71
AUGGUACAUGAUGCGGUAG,CTACCGCATCATGTACCAT,GCGACGGCAAGGTGGAGCACTACCGCATCATGTACCATGCCAGCAAGCTCAGCATCG,0.82,1,Shabalina,hela,1.43,-33.31,-187.37,-1.1,-2.11,-3.26,-2.24,-1.33,-2.24,-2.11,-1.1,-2.11,-2.35,-1.1,-2.11,-3.42,-2.36,-3.26,-2.24,-1.33,-2.08,-9.38,-10.44,-13.39,-11.4,-7.69,-11.4,-10.44,-9.38,-10.44,-12.44,-9.38,-10.44,-14.88,-10.64,-13.39,-11.4,-7.69,-10.48,-0.9,0.9,0.9,0.0,0.9,0.9,0.9,0.0,0.0,0.0,0.0,0.0,0.9,0.9,0.9,0.0,0.9,0.9,0.0,0.0,-33.2,0.5,1.2,5.0,6.7,4.7,4.7,6.2,4.4,4.4,6.4,4.7,4.4,6.7,6.3,6.2,6.7,4.5,3.1,1.6,1.6,3.1,4.5,6.7,6.2,6.3,6.7,4.4,4.7,6.4,4.4,4.4,6.2,4.7,4.7,6.7,5.0,1.2,0.5,-31.92,0.29
CCAGGUUGCUAUGCCGCAG,CTGCGGCATAGCAACCTGG,AGCCTCAGTCATGACGCAACTGCGGCATAGCAACCTGGTGCAGCTCCTGGGCGTGAT,0.8,1,Shabalina,hela,-0.73,-38.59,-200.33,-3.26,-2.11,-2.08,-3.26,-2.24,-0.93,-2.11,-3.42,-2.08,-1.33,-1.1,-2.11,-3.42,-3.26,-2.36,-3.42,-2.11,-2.08,-13.39,-10.44,-10.48,-13.39,-11.4,-6.82,-10.44,-14.88,-10.48,-7.69,-9.38,-10.44,-14.88,-13.39,-10.64,-14.88,-10.44,-10.48,-2.7,0.0,0.0,0.0,0.7,0.7,0.7,0.0,0.0,0.0,0.0,0.0,0.0,0.7,0.7,0.7,0.0,0.0,0.0,0.0,-38.6,1.8,5.1,4.7,6.6,6.7,4.3,4.2,6.7,6.7,4.6,4.3,4.4,6.7,7.2,6.2,6.3,6.5,2.7,1.6,1.6,2.7,6.5,6.3,6.2,7.2,6.7,4.4,4.3,4.6,6.7,6.7,4.2,4.3,6.7,6.6,4.7,5.1,1.8,-35.58,3.02
GGCCUGGGGGCAGCGGUCC,GGACCGCTGCCCCCAGGCC,CGCTGCCTTCTACGCACCTGGACCGCTGCCCCCAGGCCGTGGCAGCGAGCACTACAG,0.3,0,Shabalina,hela,0.0,-47.58,-224.47,-3.26,-3.42,-3.26,-2.08,-2.11,-3.26,-3.26,-3.26,-3.26,-3.42,-2.11,-2.08,-3.42,-2.36,-3.26,-2.24,-2.35,-3.26,-13.39,-14.88,-13.39,-10.48,-10.44,-13.39,-13.39,-13.39,-13.39,-14.88,-10.44,-10.48,-14.88,-10.64,-13.39,-11.4,-12.44,-13.39,-3.5,0.0,0.4,0.4,0.4,0.0,0.0,0.0,0.0,0.0,0.0,0.5,0.0,0.0,0.0,0.0,0.0,0.0,0.0,0.0,-47.9,2.3,5.6,7.2,6.6,4.7,6.6,7.1,7.1,7.1,7.2,6.7,4.7,6.7,6.3,6.2,6.7,5.1,5.5,2.3,2.3,5.5,5.1,6.7,6.2,6.3,6.7,4.7,6.7,7.2,7.1,7.1,7.1,6.6,4.7,6.6,7.2,5.6,2.3,-43.46,3.16
UCUUGCUACAAAGCCUAAG,CTTAGGCTTTGTAGCAAGA,CTTTCCCCATTCCTACCCACTTAGGCTTTGTAGCAAGATGAGCAATGCTGTTGGAAA,0.8,1,Shabalina,hela,0.63,-31.15,-175.6,-2.35,-2.08,-0.93,-2.11,-3.42,-2.08,-1.33,-2.24,-2.11,-0.93,-0.93,-2.08,-3.42,-3.26,-2.08,-1.33,-0.93,-2.08,-12.44,-10.48,-6.82,-10.44,-14.88,-10.48,-7.69,-11.4,-10.44,-6.82,-6.82,-10.48,-14.88,-13.39,-10.48,-7.69,-6.82,-10.48,-1.2,0.0,0.0,0.0,0.0,1.2,1.2,1.2,0.0,0.0,0.0,0.0,1.2,1.2,1.2,0.0,0.0,0.0,0.0,0.0,-31.0,0.4,3.5,4.2,4.2,6.7,6.7,4.6,4.7,6.2,4.2,3.7,4.2,6.7,7.2,6.6,4.6,4.0,2.5,1.6,1.6,2.5,4.0,4.6,6.6,7.2,6.7,4.2,3.7,4.2,6.2,4.7,4.6,6.7,6.7,4.2,4.2,3.5,0.4,-29.49,2.61
CUCAAUCUUUACAUCCUUA,TAAGGATGTAAAGATTGAG,AAATATGTGCTGAAAATGATAAGGATGTAAAGATTGAGCCCTGTGGACACCTCATGT,0.25,0,Shabalina,hela,-1.2,-27.05,-168.52,-2.08,-2.35,-2.11,-0.93,-1.1,-2.35,-2.08,-0.93,-0.93,-1.33,-2.24,-2.11,-1.1,-2.35,-3.26,-2.08,-0.93,-1.33,-10.48,-12.44,-10.44,-6.82,-9.38,-12.44,-10.48,-6.82,-6.82,-7.69,-11.4,-10.44,-9.38,-12.44,-13.39,-10.48,-6.82,-7.69,0.0,0.0,0.0,0.0,0.0,0.0,0.0,0.0,0.0,0.0,0.0,0.0,0.0,0.0,0.0,0.0,0.0,0.0,0.0,0.0,-27.0,1.6,3.0,6.3,4.2,3.9,4.7,6.4,4.2,3.7,4.1,4.7,6.2,4.4,4.7,6.9,6.1,2.8,1.5,0.5,0.5,1.5,2.8,6.1,6.9,4.7,4.4,6.2,4.7,4.1,3.7,4.2,6.4,4.7,3.9,4.2,6.3,3.0,1.6,-27.01,0.11
UGGAACCACUGAUGUGAUA,TATCACATCAGTGGTTCCA,TCTTGCCCTCTCTGTGGGATATCACATCAGTGGTTCCAAGATTTCAAAGTGGTGAAA,0.73,1,Shabalina,hela,-0.33,-32.39,-183.2,-2.11,-3.26,-2.35,-0.93,-2.24,-3.26,-2.11,-2.24,-2.08,-2.11,-2.35,-1.1,-2.11,-2.24,-2.11,-2.35,-1.1,-1.33,-10.44,-13.39,-12.44,-6.82,-11.4,-13.39,-10.44,-11.4,-10.48,-10.44,-12.44,-9.38,-10.44,-11.4,-10.44,-12.44,-9.38,-7.69,-2.3,0.0,0.0,0.0,0.0,0.0,0.0,2.3,2.3,2.3,0.0,0.0,0.0,0.0,2.3,2.3,2.3,0.0,0.0,0.0,-32.3,0.1,3.9,6.9,4.5,4.3,6.7,6.6,4.8,6.2,4.7,6.4,4.7,4.4,6.2,4.8,6.1,2.8,1.8,0.5,0.5,1.8,2.8,6.1,4.8,6.2,4.4,4.7,6.4,4.7,6.2,4.8,6.6,6.7,4.3,4.5,6.9,3.9,0.1,-29.98,3.23
AGGAUAGGGAUGGUCAACU,AGTTGACCATCCCTATCCT,CGCCACTTCACCAAGGCCAAGTTGACCATCCCTATCCTCTATGTCAAGGTGTACATG,0.77,1,Shabalina,hela,0.0,-34.5,-188.22,-2.08,-3.26,-2.35,-1.1,-1.33,-2.08,-3.26,-3.26,-2.35,-1.1,-2.11,-3.26,-2.24,-2.35,-2.11,-0.93,-2.24,-2.08,-10.48,-13.39,-12.44,-9.38,-7.69,-10.48,-13.39,-13.39,-12.44,-9.38,-10.44,-13.39,-11.4,-12.44,-10.44,-6.82,-11.4,-10.48,0.0,0.0,0.0,0.0,0.0,0.0,0.0,0.0,0.0,0.0,0.0,0.0,0.0,0.0,0.0,0.0,0.0,0.0,0.0,0.0,-34.6,0.6,3.9,6.9,4.7,4.3,4.6,6.6,7.1,6.9,4.7,4.4,6.6,6.7,5.1,6.4,4.2,4.2,3.7,0.6,0.6,3.7,4.2,4.2,6.4,5.1,6.7,6.6,4.4,4.7,6.9,7.1,6.6,4.6,4.3,4.7,6.8,3.9,0.6,-34.1,0.03
AUUUACCUCUGCCCUCUAG,CTAGAGGGCAGAGGTAAAT,CCCTGGCTGGGCCCCTAGACTAGAGGGCAGAGGTAAATGAGTCCCTGTCCCCACCTC,0.81,1,Shabalina,hela,1.43,-33.73,-185.24,-1.1,-0.93,-0.93,-1.33,-2.24,-3.26,-2.08,-2.35,-2.08,-2.11,-3.42,-3.26,-3.26,-2.08,-2.35,-2.08,-1.33,-2.08,-9.38,-6.82,-6.82,-7.69,-11.4,-13.39,-10.48,-12.44,-10.48,-10.44,-14.88,-13.39,-13.39,-10.48,-12.44,-10.48,-7.69,-10.48,0.0,0.0,0.0,0.0,0.0,0.0,0.0,0.0,0.0,0.0,0.0,0.0,0.0,0.0,0.0,0.0,0.0,0.0,0.0,0.0,-33.8,0.5,1.0,1.9,3.4,4.7,6.7,6.6,5.0,6.4,4.7,6.7,7.2,7.1,6.6,5.0,6.4,4.5,3.1,1.6,1.6,3.1,4.5,6.4,5.0,6.6,7.1,7.2,6.7,4.7,6.4,5.0,6.6,6.7,4.7,3.4,1.9,1.0,0.5,-33.79,0.14
UUGUCUCUGCUAACUUUCA,TGAAAGTTAGCAGAGACAA,CCTTCAGCTTTTGGCAGCATGAAAGTTAGCAGAGACAAGGACGGCAGCAAGGTGACA,0.83,1,Shabalina,hela,0.73,-29.66,-172.16,-0.93,-2.11,-2.24,-2.35,-2.08,-2.35,-2.08,-2.11,-3.42,-2.08,-1.33,-0.93,-2.24,-2.08,-0.93,-0.93,-2.35,-2.11,-6.82,-10.44,-11.4,-12.44,-10.48,-12.44,-10.48,-10.44,-14.88,-10.48,-7.69,-6.82,-11.4,-10.48,-6.82,-6.82,-12.44,-10.44,0.0,0.0,0.0,0.0,0.0,0.0,0.0,0.0,0.0,0.0,0.0,0.0,0.0,0.0,0.0,0.0,0.0,0.0,0.0,0.0,-29.6,0.0,1.1,4.7,5.1,6.4,5.0,6.4,4.7,6.7,6.7,4.6,4.1,4.3,6.2,4.2,3.7,4.5,3.8,0.1,0.1,3.8,4.5,3.7,4.2,6.2,4.3,4.1,4.6,6.7,6.7,4.7,6.4,5.0,6.4,5.1,4.7,1.1,0.0,-29.54,0.53
UUACAGUGAUCUAGCUUUC,GAAAGCTAGATCACTGTAA,CGAGAGCTCCAGATCATGAGAAAGCTAGATCACTGTAACATAGTCCGATTGCGTTAT,0.76,1,Shabalina,hela,1.87,-29.5,-175.69,-0.93,-1.33,-2.24,-2.11,-2.08,-2.24,-2.11,-2.35,-1.1,-2.35,-2.08,-1.33,-2.08,-3.42,-2.08,-0.93,-0.93,-2.35,-6.82,-7.69,-11.4,-10.44,-10.48,-11.4,-10.44,-12.44,-9.38,-12.44,-10.48,-7.69,-10.48,-14.88,-10.48,-6.82,-6.82,-12.44,-0.2,0.0,0.0,0.0,0.0,0.2,0.2,0.2,0.0,0.0,0.0,0.0,0.0,0.0,0.2,0.2,0.2,0.0,0.0,0.0,-29.5,0.0,1.5,2.9,5.8,4.7,6.2,4.8,6.4,4.7,4.7,6.4,4.6,4.6,6.7,6.7,4.2,3.7,3.1,2.2,2.2,3.1,3.7,4.2,6.7,6.7,4.6,4.6,6.4,4.7,4.7,6.4,4.8,6.2,4.7,5.8,2.9,1.5,0.0,-28.88,0.36
GUUCAUUUCUCUGAUUUGC,GCAAATCAGAGAAATGAAC,TGGGAACTCCAACAAGGGAGCAAATCAGAGAAATGAACCCAAACTACACAGAATTTA,0.83,1,Shabalina,hela,0.73,-28.31,-177.57,-2.24,-0.93,-2.35,-2.11,-1.1,-0.93,-0.93,-2.35,-2.08,-2.35,-2.08,-2.11,-2.35,-1.1,-0.93,-0.93,-2.11,-3.42,-11.4,-6.82,-12.44,-10.44,-9.38,-6.82,-6.82,-12.44,-10.48,-12.44,-10.48,-10.44,-12.44,-9.38,-6.82,-6.82,-10.44,-14.88,0.0,0.0,0.0,0.0,0.0,0.0,0.0,0.0,0.0,0.0,0.0,0.0,0.0,0.0,0.0,0.0,0.0,0.0,0.0,0.0,-28.3,2.1,2.6,4.0,6.4,4.4,3.9,3.7,4.5,6.4,5.0,6.4,4.7,6.4,4.7,3.9,3.7,4.2,5.2,2.3,2.3,5.2,4.2,3.7,3.9,4.7,6.4,4.7,6.4,5.0,6.4,4.5,3.7,3.9,4.4,6.4,4.0,2.6,2.1,-27.83,0.89
UCACAAGGGAUGCAGUACA,TGTACTGCATCCCTTGTGA,CGCAACGGCAGCCAGAGCATGTACTGCATCCCTTGTGAAGGTCCTTGCCCGAAGGTC,0.8,1,Shabalina,hela,-0.24,-34.44,-186.74,-2.35,-2.11,-2.24,-2.11,-0.93,-2.08,-3.26,-3.26,-2.35,-1.1,-2.11,-3.42,-2.11,-2.08,-2.24,-1.33,-2.24,-2.11,-12.44,-10.44,-11.4,-10.44,-6.82,-10.48,-13.39,-13.39,-12.44,-9.38,-10.44,-14.88,-10.44,-10.48,-11.4,-7.69,-11.4,-10.44,0.0,0.0,0.0,0.0,0.0,0.0,0.0,0.0,0.0,0.0,0.0,0.0,0.0,0.0,0.0,0.0,0.0,0.0,0.0,0.0,-34.3,0.4,3.7,4.8,6.2,4.2,4.2,6.6,7.1,6.9,4.7,4.4,6.7,6.7,4.7,6.2,4.7,4.7,3.7,0.1,0.1,3.7,4.7,4.7,6.2,4.7,6.7,6.7,4.4,4.7,6.9,7.1,6.6,4.2,4.2,6.2,4.8,3.7,0.4,-34.16,1.06
AGGAACAUCCCAAAUGUGU,ACACATTTGGGATGTTCCT,ACAGCTTCTCTGCAGTAAAACACATTTGGGATGTTCCTTTTTTCAATATGCAAGCAG,0.74,1,Shabalina,hela,0.16,-31.72,-179.66,-2.08,-3.26,-2.35,-0.93,-2.24,-2.11,-1.1,-2.35,-3.26,-3.26,-2.11,-0.93,-0.93,-1.1,-2.11,-2.24,-2.11,-2.24,-10.48,-13.39,-12.44,-6.82,-11.4,-10.44,-9.38,-12.44,-13.39,-13.39,-10.44,-6.82,-6.82,-9.38,-10.44,-11.4,-10.44,-11.4,-0.9,0.0,0.4,0.4,0.0,0.0,0.0,0.0,0.0,0.0,0.4,0.1,0.0,0.0,0.0,0.0,0.0,0.0,0.0,0.0,-31.6,0.6,3.9,6.9,4.5,4.3,6.2,4.4,4.7,6.9,7.1,6.6,4.2,3.7,3.9,4.4,6.2,4.8,3.5,0.6,0.6,3.5,4.8,6.2,4.4,3.9,3.7,4.2,6.6,7.1,6.9,4.7,4.4,6.2,4.3,4.5,6.8,3.9,0.6,-30.0,2.23
CAGUACGAAGAAGCGUUUG,CAAACGCTTCTTCGTACTG,GCAAACCCAAGAGCATGCACAAACGCTTCTTCGTACTGCGCGCGGCCAGCGAGGCTG,0.22,0,Shabalina,hela,0.0,-30.98,-178.92,-2.11,-2.08,-2.24,-1.33,-2.24,-2.36,-2.35,-0.93,-2.08,-2.35,-0.93,-2.08,-3.42,-2.36,-2.24,-0.93,-0.93,-2.11,-10.44,-10.48,-11.4,-7.69,-11.4,-10.64,-12.44,-6.82,-10.48,-12.44,-6.82,-10.48,-14.88,-10.64,-11.4,-6.82,-6.82,-10.44,-0.7,0.2,0.2,0.2,0.0,0.7,0.7,0.7,0.0,0.0,0.0,0.0,0.0,0.0,0.7,0.7,0.7,0.2,0.2,0.2,-30.9,1.8,3.2,6.2,4.7,4.7,5.8,6.0,4.5,4.2,6.4,4.5,4.2,6.7,6.3,5.8,4.3,3.7,2.8,1.8,1.8,2.8,3.7,4.3,5.8,6.3,6.7,4.2,4.5,6.4,4.2,4.5,6.0,5.8,4.7,4.7,6.2,3.2,1.8,-29.56,0.64
UCCAUUUGGUAGUAAACAU,ATGTTTACTACCAAATGGA,CCCCAAGAATCCTAGTAGAATGTTTACTACCAAATGGAATGATAGTGACTTTAGAAT,0.83,1,Shabalina,hela,-0.8,-27.59,-165.59,-2.35,-3.26,-2.11,-1.1,-0.93,-0.93,-2.11,-3.26,-2.24,-1.33,-2.08,-2.24,-1.33,-0.93,-0.93,-2.24,-2.11,-1.1,-12.44,-13.39,-10.44,-9.38,-6.82,-6.82,-10.44,-13.39,-11.4,-7.69,-10.48,-11.4,-7.69,-6.82,-6.82,-11.4,-10.44,-9.38,0.0,0.0,0.0,0.0,0.0,0.0,0.0,0.0,0.0,0.0,0.0,0.0,0.0,0.0,0.0,0.0,0.0,0.0,0.0,0.0,-27.3,0.4,3.7,6.6,4.4,3.9,3.7,4.2,6.6,6.7,4.7,4.6,6.2,4.7,4.1,3.7,4.3,4.8,1.2,0.5,0.5,1.2,4.8,4.3,3.7,4.1,4.7,6.2,4.6,4.7,6.7,6.6,4.2,3.7,3.9,4.4,6.6,3.7,0.4,-26.72,0.68
CCAAAGAUUCAAAGCCAUU,AATGGCTTTGAATCTTTGG,ACACTCTAGTATCTGGAAAAATGGCTTTGAATCTTTGGCCAGTACCTCATGGATTAG,0.22,0,Shabalina,hela,-2.33,-28.37,-171.17,-3.26,-2.11,-0.93,-0.93,-2.08,-2.35,-1.1,-0.93,-2.35,-2.11,-0.93,-0.93,-2.08,-3.42,-3.26,-2.11,-1.1,-0.93,-13.39,-10.44,-6.82,-6.82,-10.48,-12.44,-9.38,-6.82,-12.44,-10.44,-6.82,-6.82,-10.48,-14.88,-13.39,-10.44,-9.38,-6.82,0.0,0.0,0.0,0.0,0.0,0.0,0.0,0.0,0.0,0.0,0.0,0.0,0.0,0.0,0.0,0.0,0.0,0.0,0.0,0.0,-28.3,1.8,5.1,4.2,3.7,4.2,6.4,4.7,3.9,4.5,6.4,4.2,3.7,4.2,6.7,7.2,5.9,2.1,1.4,0.2,0.2,1.4,2.1,5.9,7.2,6.7,4.2,3.7,4.2,6.4,4.5,3.9,4.7,6.4,4.2,3.7,4.2,5.1,1.8,-28.3,0.04
UAGUCAAUGCUUUCUUCAG,CTGAAGAAAGCATTGACTA,CTTGCTTGTGAGATTTTTACTGAAGAAAGCATTGACTAATCAAAGGATTGGGCACTT,0.76,1,Shabalina,hela,1.2,-28.97,-173.86,-1.33,-2.08,-2.24,-2.35,-2.11,-0.93,-1.1,-2.11,-3.42,-2.08,-0.93,-0.93,-2.35,-2.08,-0.93,-2.35,-2.11,-2.08,-7.69,-10.48,-11.4,-12.44,-10.44,-6.82,-9.38,-10.44,-14.88,-10.48,-6.82,-6.82,-12.44,-10.48,-6.82,-12.44,-10.44,-10.48,0.0,0.0,0.0,0.0,0.0,0.0,0.0,0.0,0.0,0.0,0.0,0.0,0.0,0.0,0.0,0.0,0.0,0.0,0.0,0.0,-28.9,0.5,1.9,5.0,5.1,6.4,4.2,3.9,4.4,6.7,6.7,4.2,3.7,4.5,6.4,4.2,4.5,6.4,2.7,1.6,1.6,2.7,6.4,4.5,4.2,6.4,4.5,3.7,4.2,6.7,6.7,4.4,3.9,4.2,6.4,5.1,5.0,1.9,0.5,-28.74,0.13
AUGGUGGUUGAUGCCAUUU,AAATGGCATCAACCACCAT,AAACTTTTTTTTATGAAAAAAATGGCATCAACCACCATGGATTTTTACAAGATCCAT,0.75,1,Shabalina,hela,-0.17,-31.68,-180.04,-1.1,-2.11,-3.26,-2.24,-2.11,-3.26,-2.24,-0.93,-2.11,-2.35,-1.1,-2.11,-3.42,-3.26,-2.11,-1.1,-0.93,-0.93,-9.38,-10.44,-13.39,-11.4,-10.44,-13.39,-11.4,-6.82,-10.44,-12.44,-9.38,-10.44,-14.88,-13.39,-10.44,-9.38,-6.82,-6.82,-5.1,0.0,0.0,0.3,1.8,2.5,2.2,1.5,1.5,0.0,0.0,0.0,0.0,2.1,5.1,5.1,2.5,1.8,0.3,0.0,-31.5,0.5,1.2,5.0,6.7,4.8,6.6,6.7,4.3,4.2,6.4,4.7,4.4,6.7,7.2,6.6,3.0,2.3,1.1,0.2,0.2,1.1,2.3,3.0,6.6,7.2,6.7,4.4,4.7,6.4,4.2,4.3,6.7,6.6,4.8,6.7,5.0,1.2,0.5,-26.01,1.76
CAUAAUUUGCUGUCCAUUC,GAATGGACAGCAAATTATG,GCCCGTCCGACAGCGCTGAGAATGGACAGCAAATTATGGATGAACCTATGGGAGAGG,0.75,1,Shabalina,hela,0.24,-28.4,-176.29,-2.11,-1.1,-1.33,-0.93,-1.1,-0.93,-0.93,-2.11,-3.42,-2.08,-2.11,-2.24,-2.35,-3.26,-2.11,-1.1,-0.93,-2.35,-10.44,-9.38,-7.69,-6.82,-9.38,-6.82,-6.82,-10.44,-14.88,-10.48,-10.44,-11.4,-12.44,-13.39,-10.44,-9.38,-6.82,-12.44,0.0,0.0,0.0,0.0,0.0,0.0,0.0,0.0,0.0,0.0,0.0,0.0,0.0,0.0,0.0,0.0,0.0,0.0,0.0,0.0,-28.3,1.8,3.1,4.2,4.1,3.9,3.9,3.7,4.2,6.7,6.7,4.7,6.2,5.1,6.9,6.6,4.4,3.9,3.1,2.2,2.2,3.1,3.9,4.4,6.6,6.9,5.1,6.2,4.7,6.7,6.7,4.2,3.7,3.9,3.9,4.1,4.2,3.1,1.8,-28.24,0.18
UGUUGGGUCUCUCUUGCUU,AAGCAAGAGAGACCCAACA,CAGTGAAGATTATTGATAAAAGCAAGAGAGACCCAACAGAAGAAATTGAAATTCTTC,0.22,0,Shabalina,hela,-0.73,-33.92,-184.43,-2.11,-2.24,-0.93,-2.11,-3.26,-3.26,-2.24,-2.35,-2.08,-2.35,-2.08,-2.35,-2.08,-0.93,-2.11,-3.42,-2.08,-0.93,-10.44,-11.4,-6.82,-10.44,-13.39,-13.39,-11.4,-12.44,-10.48,-12.44,-10.48,-12.44,-10.48,-6.82,-10.44,-14.88,-10.48,-6.82,-0.1,0.0,0.1,0.1,0.0,0.1,0.1,0.1,0.0,0.0,0.0,0.0,0.1,0.1,0.1,0.0,0.1,0.1,0.0,0.0,-33.9,0.1,3.7,4.2,4.2,6.6,7.1,6.7,5.1,6.4,5.0,6.4,5.0,6.4,4.2,4.2,6.7,4.8,1.5,0.2,0.2,1.5,4.8,6.7,4.2,4.2,6.4,5.0,6.4,5.0,6.4,5.1,6.7,7.1,6.6,4.2,4.2,3.7,0.1,-32.84,-0.0
UACACCAUGGUACCAAAUA,TATTTGGTACCATGGTGTA,TGAAGTGACCTCAGTGAGATATTTGGTACCATGGTGTAAGCTGATAGCACAAGTTCT,0.22,0,Shabalina,hela,0.0,-30.24,-171.95,-1.33,-2.24,-2.11,-2.24,-3.26,-2.11,-1.1,-2.11,-3.26,-2.24,-1.33,-2.24,-3.26,-2.11,-0.93,-0.93,-1.1,-1.33,-7.69,-11.4,-10.44,-11.4,-13.39,-10.44,-9.38,-10.44,-13.39,-11.4,-7.69,-11.4,-13.39,-10.44,-6.82,-6.82,-9.38,-7.69,0.0,0.0,0.0,0.0,0.0,0.0,0.0,0.0,0.0,0.0,0.0,0.0,0.0,0.0,0.0,0.0,0.0,0.0,0.0,0.0,-29.9,0.5,1.9,4.8,4.8,6.7,6.6,4.4,4.4,6.6,6.7,4.7,4.7,6.7,6.6,4.2,3.2,2.3,1.8,0.5,0.5,1.8,2.3,3.2,4.2,6.6,6.7,4.7,4.7,6.7,6.6,4.4,4.4,6.6,6.7,4.8,4.8,1.9,0.5,-29.57,0.28
AAAUAAACCCUUCCGCUUA,TAAGCGGAAGGGTTTATTT,TAAAGATGGGCCCAGTGGATAAGCGGAAGGGTTTATTTGCAAGACGACGACAGCTGT,0.73,1,Shabalina,hela,0.4,-28.66,-165.12,-0.93,-0.93,-1.1,-1.33,-0.93,-0.93,-2.24,-3.26,-3.26,-2.08,-0.93,-2.35,-3.26,-2.36,-3.42,-2.08,-0.93,-1.33,-6.82,-6.82,-9.38,-7.69,-6.82,-6.82,-11.4,-13.39,-13.39,-10.48,-6.82,-12.44,-13.39,-10.64,-14.88,-10.48,-6.82,-7.69,0.0,0.0,0.0,0.0,0.0,0.0,0.0,0.0,0.0,0.0,0.0,0.0,0.0,0.0,0.0,0.0,0.0,0.0,0.0,0.0,-28.5,0.2,1.1,2.3,3.4,4.1,3.7,4.3,6.7,7.1,6.6,4.2,4.5,6.9,6.2,6.3,6.1,2.8,1.5,0.5,0.5,1.5,2.8,6.1,6.3,6.2,6.9,4.5,4.2,6.6,7.1,6.7,4.3,3.7,4.1,3.4,2.3,1.1,0.2,-28.51,2.53
GAAGAACUCUACUUUGAUA,TATCAAAGTAGAGTTCTTC,CGTTACCTGTGTGTGGTGATATCAAAGTAGAGTTCTTCCACAAACAGAACAAGATGC,0.22,0,Shabalina,hela,-1.47,-27.25,-169.63,-2.35,-0.93,-2.08,-2.35,-0.93,-2.24,-2.08,-2.35,-2.08,-1.33,-2.24,-2.08,-0.93,-0.93,-2.11,-2.35,-1.1,-1.33,-12.44,-6.82,-10.48,-12.44,-6.82,-11.4,-10.48,-12.44,-10.48,-7.69,-11.4,-10.48,-6.82,-6.82,-10.44,-12.44,-9.38,-7.69,0.0,0.0,0.0,0.0,0.0,0.0,0.0,0.0,0.0,0.0,0.0,0.0,0.0,0.0,0.0,0.0,0.0,0.0,0.0,0.0,-27.2,2.2,3.1,4.2,6.4,4.5,4.3,6.2,5.0,6.4,4.6,4.7,6.2,4.2,3.7,4.2,6.1,2.8,1.8,0.5,0.5,1.8,2.8,6.1,4.2,3.7,4.2,6.2,4.7,4.6,6.4,5.0,6.2,4.3,4.5,6.4,4.2,3.1,2.2,-26.71,0.24
AUACGCUUCUCAUAGAAAG,CTTTCTATGAGAAGCGTAT,GATGAACGCAAACTTCGTACTTTCTATGAGAAGCGTATGGCCACAGAAGTTGCTGCT,0.8,1,Shabalina,hela,1.43,-28.61,-173.87,-1.1,-1.33,-2.24,-2.36,-3.42,-2.08,-0.93,-2.35,-2.08,-2.35,-2.11,-1.1,-1.33,-2.08,-2.35,-0.93,-0.93,-2.08,-9.38,-7.69,-11.4,-10.64,-14.88,-10.48,-6.82,-12.44,-10.48,-12.44,-10.44,-9.38,-7.69,-10.48,-12.44,-6.82,-6.82,-10.48,0.0,0.0,0.0,0.0,0.0,0.0,0.0,0.0,0.0,0.0,0.0,0.0,0.0,0.0,0.0,0.0,0.0,0.0,0.0,0.0,-28.6,0.5,1.6,3.0,5.0,6.3,6.7,4.2,4.5,6.4,5.0,6.4,4.4,4.3,4.6,6.4,4.5,3.4,2.5,1.6,1.6,2.5,3.4,4.5,6.4,4.6,4.3,4.4,6.4,5.0,6.4,4.5,4.2,6.7,6.3,5.0,3.0,1.6,0.5,-27.94,1.25
UGCAACCACGAACUGAUUU,AAATCAGTTCGTGGTTGCA,AACTGGAGAAAGAAAGAGAAAATCAGTTCGTGGTTGCATTGTGGATGCAAATCTGAG,0.73,1,Shabalina,hela,-0.73,-30.81,-175.84,-2.11,-3.42,-2.11,-0.93,-2.24,-3.26,-2.11,-2.24,-2.36,-2.35,-0.93,-2.24,-2.08,-2.11,-2.35,-1.1,-0.93,-0.93,-10.44,-14.88,-10.44,-6.82,-11.4,-13.39,-10.44,-11.4,-10.64,-12.44,-6.82,-11.4,-10.48,-10.44,-12.44,-9.38,-6.82,-6.82,0.0,0.0,0.0,0.0,0.0,0.0,0.0,0.0,0.0,0.0,0.0,0.0,0.0,0.0,0.0,0.0,0.0,0.0,0.0,0.0,-30.6,0.1,3.9,6.7,4.2,4.3,6.7,6.6,4.8,5.8,6.0,4.5,4.3,6.2,4.7,6.4,3.3,2.3,1.1,0.2,0.2,1.1,2.3,3.3,6.4,4.7,6.2,4.3,4.5,6.0,5.8,4.8,6.6,6.7,4.3,4.2,6.7,3.9,0.1,-30.53,2.05
AAACACCUGGGUUAUCCUU,AAGGATAACCCAGGTGTTT,GCAGGTATGAGGCTCAGAAAAGGATAACCCAGGTGTTTGAATTGGAGATCTTAGATT,0.81,1,Shabalina,hela,0.0,-31.65,-175.34,-0.93,-0.93,-2.24,-2.11,-2.24,-3.26,-2.08,-2.11,-3.26,-3.26,-2.24,-0.93,-1.33,-1.1,-2.35,-3.26,-2.08,-0.93,-6.82,-6.82,-11.4,-10.44,-11.4,-13.39,-10.48,-10.44,-13.39,-13.39,-11.4,-6.82,-7.69,-9.38,-12.44,-13.39,-10.48,-6.82,-1.4,0.0,0.0,0.0,0.0,0.0,0.0,0.0,0.0,1.1,1.4,1.1,0.0,0.0,0.0,0.0,1.4,1.4,1.1,0.0,-31.5,0.2,1.1,2.4,5.3,4.8,6.7,6.6,4.7,6.6,7.1,6.7,4.3,4.1,4.3,4.7,6.9,4.8,1.5,0.2,0.2,1.5,4.8,6.9,4.7,4.3,4.1,4.3,6.7,7.1,6.6,4.7,6.6,6.7,4.8,5.3,2.4,1.1,0.2,-29.8,1.15
UAUGGUAAGAGAUUAAUGC,GCATTAATCTCTTACCATA,CGTGGTTCCAGTGCTGACAGCATTAATCTCTTACCATAACTACCTGGACAAAACCAA,0.76,1,Shabalina,hela,2.09,-27.54,-170.73,-1.33,-1.1,-2.11,-3.26,-2.24,-1.33,-0.93,-2.08,-2.35,-2.08,-2.35,-1.1,-0.93,-1.33,-0.93,-1.1,-2.11,-3.42,-7.69,-9.38,-10.44,-13.39,-11.4,-7.69,-6.82,-10.48,-12.44,-10.48,-12.44,-9.38,-6.82,-7.69,-6.82,-9.38,-10.44,-14.88,0.0,0.0,0.0,0.0,0.0,0.0,0.0,0.0,0.0,0.0,0.0,0.0,0.0,0.0,0.0,0.0,0.0,0.0,0.0,0.0,-27.4,0.5,1.8,2.5,6.3,6.7,4.7,4.1,4.2,6.4,5.0,6.4,4.7,3.9,4.1,4.1,3.9,4.4,5.2,2.3,2.3,5.2,4.4,3.9,4.1,4.1,3.9,4.7,6.4,5.0,6.4,4.2,4.1,4.7,6.7,6.3,2.5,1.8,0.5,-27.31,0.01
UUUAGGUCCCUGUGAAUUA,TAATTCACAGGGACCTAAA,TATATACATTCAGCTGACATAATTCACAGGGACCTAAAACCTAGTAATCTAGCTGTG,0.86,1,Shabalina,hela,0.4,-29.83,-170.68,-0.93,-0.93,-1.33,-2.08,-3.26,-2.24,-2.35,-3.26,-3.26,-2.08,-2.11,-2.24,-2.11,-2.35,-0.93,-1.1,-0.93,-1.33,-6.82,-6.82,-7.69,-10.48,-13.39,-11.4,-12.44,-13.39,-13.39,-10.48,-10.44,-11.4,-10.44,-12.44,-6.82,-9.38,-6.82,-7.69,0.0,0.0,0.0,0.0,0.0,0.0,0.0,0.0,0.0,0.0,0.0,0.0,0.0,0.0,0.0,0.0,0.0,0.0,0.0,0.0,-29.8,0.0,0.9,2.4,3.8,6.6,6.7,5.1,6.9,7.1,6.6,4.7,6.2,4.8,6.4,4.5,3.2,2.7,1.5,0.5,0.5,1.5,2.7,3.2,4.5,6.4,4.8,6.2,4.7,6.6,7.1,6.9,5.1,6.7,6.6,3.8,2.4,0.9,0.0,-29.48,0.19
GUGGCACAAAGCUGAUGAC,GTCATCAGCTTTGTGCCAC,AAGCCTGACCTATGATGAAGTCATCAGCTTTGTGCCACCACCCCTTGACCAAGAAGA,0.96,1,Shabalina,hela,0.0,-35.1,-194.8,-2.24,-2.11,-3.26,-3.42,-2.11,-2.24,-2.11,-0.93,-0.93,-2.08,-3.42,-2.08,-2.11,-2.35,-1.1,-2.11,-2.35,-2.24,-11.4,-10.44,-13.39,-14.88,-10.44,-11.4,-10.44,-6.82,-6.82,-10.48,-14.88,-10.48,-10.44,-12.44,-9.38,-10.44,-12.44,-11.4,-1.6,0.0,0.0,1.4,1.6,1.6,0.0,0.0,0.0,0.0,0.0,1.6,1.6,1.4,0.0,0.0,0.0,0.0,0.0,0.0,-35.0,2.1,2.8,6.6,7.2,6.7,4.8,6.2,4.2,3.7,4.2,6.7,6.7,4.7,6.4,4.7,4.4,6.4,3.1,2.1,2.1,3.1,6.4,4.4,4.7,6.4,4.7,6.7,6.7,4.2,3.7,4.2,6.2,4.8,6.7,7.2,6.6,2.8,2.1,-32.98,1.02
CGCGCGUGAGGAAGAGUUC,GAACTCTTCCTCACGCGCG,GCGGGTCACCGAGCTGCAAGAACTCTTCCTCACGCGCGTCGGGCTCGACATCGGCAA,0.84,1,Shabalina,hela,0.44,-37.18,-199.54,-2.36,-3.42,-2.36,-3.42,-2.36,-2.24,-2.11,-2.35,-2.08,-3.26,-2.35,-0.93,-2.08,-2.35,-2.08,-2.24,-0.93,-2.35,-10.64,-14.88,-10.64,-14.88,-10.64,-11.4,-10.44,-12.44,-10.48,-13.39,-12.44,-6.82,-10.48,-12.44,-10.48,-11.4,-6.82,-12.44,0.0,0.0,0.0,0.0,0.0,0.0,0.0,0.0,0.0,0.0,0.0,0.0,0.0,0.0,0.0,0.0,0.0,0.0,0.0,0.0,-37.4,0.9,4.7,6.3,6.3,6.3,5.8,4.8,6.4,5.0,6.6,6.9,4.5,4.2,6.4,5.0,6.2,4.3,3.1,2.2,2.2,3.1,4.3,6.2,5.0,6.4,4.2,4.5,6.9,6.6,5.0,6.4,4.8,5.8,6.3,6.3,6.3,4.7,0.9,-37.2,0.18
CGGGCGUCAGGCACCGGGC,GCCCGGTGCCTGACGCCCG,CCTGGTGCATGACCCGCAAGCCCGGTGCCTGACGCCCGCCCCACGACCCGCAGCGCC,0.83,1,Shabalina,hela,1.06,-45.94,-219.89,-2.36,-3.26,-3.26,-3.42,-2.36,-2.24,-2.35,-2.11,-2.08,-3.26,-3.42,-2.11,-2.24,-3.26,-2.36,-3.26,-3.26,-3.42,-10.64,-13.39,-13.39,-14.88,-10.64,-11.4,-12.44,-10.44,-10.48,-13.39,-14.88,-10.44,-11.4,-13.39,-10.64,-13.39,-13.39,-14.88,-6.6,2.2,3.6,3.9,3.6,3.6,0.0,0.0,0.0,0.0,0.0,3.6,3.6,0.0,3.9,5.1,2.2,0.0,0.0,0.0,-46.2,0.9,4.7,7.1,7.2,6.3,5.8,5.1,6.4,4.7,6.6,7.2,6.7,4.8,6.7,6.2,6.2,7.1,5.2,2.3,2.3,5.2,7.1,6.2,6.2,6.7,4.8,6.7,7.2,6.6,4.7,6.4,5.1,5.8,6.3,7.2,7.1,4.7,0.9,-39.58,4.58
CCAGCUUAUAUUCCGUCAU,ATGACGGAATATAAGCTGG,XXXXXXXXXXXXXXXXXXXATGACGGAATATAAGCTGGTGGTGGTGGGCGCCGGCGG,0.71,0,Shabalina,hela,-2.16,-30.9,-180.25,-3.26,-2.11,-2.08,-3.42,-2.08,-0.93,-1.33,-1.1,-1.33,-1.1,-0.93,-2.35,-3.26,-2.36,-2.24,-2.35,-2.11,-1.1,-13.39,-10.44,-10.48,-14.88,-10.48,-6.82,-7.69,-9.38,-7.69,-9.38,-6.82,-12.44,-13.39,-10.64,-11.4,-12.44,-10.44,-9.38,0.0,0.0,0.0,0.0,0.0,0.0,0.0,0.0,0.0,0.0,0.0,0.0,0.0,0.0,0.0,0.0,0.0,0.0,0.0,0.0,-30.9,1.8,5.1,4.7,6.7,6.7,4.2,4.1,4.3,4.3,4.3,3.9,4.5,6.9,6.2,5.8,5.1,4.9,1.2,0.5,0.5,1.2,4.9,5.1,5.8,6.2,6.9,4.5,3.9,4.3,4.3,4.3,4.1,4.2,6.7,6.7,4.7,5.1,1.8,-30.89,1.04
CCACACCGCCGGCGCCCAC,GTGGGCGCCGGCGGTGTGG,GGAATATAAGCTGGTGGTGGTGGGCGCCGGCGGTGTGGGCAAGAGTGCGCTGACCAT,0.86,1,Shabalina,hela,-0.57,-45.86,-218.81,-3.26,-2.11,-2.24,-2.11,-2.24,-3.26,-2.36,-3.42,-3.26,-2.36,-3.26,-3.42,-2.36,-3.42,-3.26,-3.26,-2.11,-2.24,-13.39,-10.44,-11.4,-10.44,-11.4,-13.39,-10.64,-14.88,-13.39,-10.64,-13.39,-14.88,-10.64,-14.88,-13.39,-13.39,-10.44,-11.4,0.0,0.0,0.0,0.0,0.0,0.0,0.0,0.0,0.0,0.0,0.0,0.0,0.0,0.0,0.0,0.0,0.0,0.0,0.0,0.0,-46.0,1.8,5.1,4.8,6.2,4.8,6.7,6.2,6.3,7.2,6.2,6.2,7.2,6.3,6.3,7.2,7.1,6.6,2.8,2.1,2.1,2.8,6.6,7.1,7.2,6.3,6.3,7.2,6.2,6.2,7.2,6.3,6.2,6.7,4.8,6.2,4.8,5.1,1.8,-45.25,4.66
CUCAAAAGACUUGGUGUUG,CAACACCAAGTCTTTTGAG,TGTGTGTGTTTGCCATCAACAACACCAAGTCTTTTGAGGACATCCACCAGTACAGGG,0.77,1,Shabalina,hela,0.03,-29.92,-176.16,-2.08,-2.35,-2.11,-0.93,-0.93,-0.93,-2.08,-2.35,-2.24,-2.08,-0.93,-2.11,-3.26,-2.24,-2.11,-2.24,-0.93,-2.11,-10.48,-12.44,-10.44,-6.82,-6.82,-6.82,-10.48,-12.44,-11.4,-10.48,-6.82,-10.44,-13.39,-11.4,-10.44,-11.4,-6.82,-10.44,0.0,0.0,0.0,0.0,0.0,0.0,0.0,0.0,0.0,0.0,0.0,0.0,0.0,0.0,0.0,0.0,0.0,0.0,0.0,0.0,-29.8,1.6,3.0,6.3,4.2,3.7,3.7,4.2,6.4,5.1,6.2,4.2,4.2,6.6,6.7,4.8,6.2,4.1,2.8,1.8,1.8,2.8,4.1,6.2,4.8,6.7,6.6,4.2,4.2,6.2,5.1,6.4,4.2,3.7,3.7,4.2,6.3,3.0,1.6,-29.04,0.46
UAGAUAUCGAACUGCUGGG,CCCAGCAGTTCGATATCTA,ACTTATATATTTGACACAACCCAGCAGTTCGATATCTACTGAAATAAATTCTGCATT,0.96,1,Shabalina,hela,1.93,-33.3,-186.97,-1.33,-2.08,-2.35,-1.1,-1.33,-1.1,-2.35,-2.36,-2.35,-0.93,-2.24,-2.08,-2.11,-3.42,-2.08,-2.11,-3.26,-3.26,-7.69,-10.48,-12.44,-9.38,-7.69,-9.38,-12.44,-10.64,-12.44,-6.82,-11.4,-10.48,-10.44,-14.88,-10.48,-10.44,-13.39,-13.39,0.0,0.0,0.0,0.0,0.0,0.0,0.0,0.0,0.0,0.0,0.0,0.0,0.0,0.0,0.0,0.0,0.0,0.0,0.0,0.0,-33.4,0.5,1.9,5.1,4.7,4.3,4.3,4.7,6.0,6.0,4.5,4.3,6.2,4.7,6.7,6.7,4.7,6.6,5.1,1.8,1.8,5.1,5.8,4.7,6.7,6.7,4.7,6.2,4.3,4.5,6.0,6.0,4.7,4.3,4.3,4.7,5.1,1.9,0.5,-33.14,0.07
AAGGCUCCCUCGCUUGACA,TGTCAAGCGAGGGAGCCTT,CAGGAGCATGAAGTTTGAATGTCAAGCGAGGGAGCCTTGAGTGGGAACTGGCCCTCC,0.82,1,Shabalina,hela,0.73,-37.68,-194.68,-0.93,-2.08,-3.26,-3.42,-2.08,-2.35,-3.26,-3.26,-2.08,-2.35,-2.36,-3.42,-2.08,-0.93,-2.11,-2.35,-2.24,-2.11,-6.82,-10.48,-13.39,-14.88,-10.48,-12.44,-13.39,-13.39,-10.48,-12.44,-10.64,-14.88,-10.48,-6.82,-10.44,-12.44,-11.4,-10.44,-2.7,0.0,1.0,2.3,2.7,2.5,0.0,0.0,0.0,0.0,0.0,0.0,2.5,2.5,2.3,1.0,0.0,0.0,0.0,0.0,-37.8,0.2,1.5,4.8,7.2,6.7,5.0,6.9,7.1,6.6,5.0,6.0,6.3,6.7,4.2,4.2,6.4,4.7,3.7,0.1,0.1,3.7,4.7,6.4,4.2,4.2,6.7,6.3,6.0,5.0,6.6,7.1,6.9,5.0,6.7,7.1,4.8,1.5,0.2,-34.95,1.82
GCAGCUGAUGCAAACUGAG,CTCAGTTTGCATCAGCTGC,GCTCCCCAGGGAAACTGAACTCAGTTTGCATCAGCTGCTGCAACACCCCTCTTTGTA,0.81,1,Shabalina,hela,-0.89,-34.94,-194.45,-3.42,-2.11,-2.08,-3.42,-2.08,-2.11,-2.35,-1.1,-2.11,-3.42,-2.11,-0.93,-0.93,-2.24,-2.08,-2.11,-2.35,-2.08,-14.88,-10.44,-10.48,-14.88,-10.48,-10.44,-12.44,-9.38,-10.44,-14.88,-10.44,-6.82,-6.82,-11.4,-10.48,-10.44,-12.44,-10.48,-2.7,1.3,1.3,1.3,0.0,0.0,0.0,0.0,0.0,1.3,2.3,2.3,0.0,0.0,0.0,0.0,0.0,0.0,0.0,0.0,-34.9,2.3,5.2,4.7,6.7,6.7,4.7,6.4,4.7,4.4,6.7,6.7,4.2,3.7,4.3,6.2,4.7,6.3,3.0,1.6,1.6,3.0,6.3,4.7,6.2,4.3,3.7,4.2,6.7,6.7,4.4,4.7,6.4,4.7,6.7,6.7,4.7,5.2,2.3,-32.09,2.82
CAGGCGCGAAACCAGCCAA,TTGGCTGGTTTCGCGCCTG,ACCATTCTCTGCAGCAGAATTGGCTGGTTTCGCGCCTGAGTTGGGCTCTAGTGACTC,0.73,1,Shabalina,hela,-1.63,-38.09,-195.34,-2.11,-2.08,-3.26,-3.42,-2.36,-3.42,-2.36,-2.35,-0.93,-0.93,-2.24,-3.26,-2.11,-2.08,-3.42,-3.26,-2.11,-0.93,-10.44,-10.48,-13.39,-14.88,-10.64,-14.88,-10.64,-12.44,-6.82,-6.82,-11.4,-13.39,-10.44,-10.48,-14.88,-13.39,-10.44,-6.82,-4.1,0.0,0.0,3.3,3.3,3.3,0.0,0.0,0.0,0.0,0.0,0.0,0.0,0.0,0.0,4.1,4.1,3.3,0.0,0.0,-38.2,1.8,3.2,6.5,7.2,6.3,6.3,6.3,6.0,4.5,3.7,4.3,6.7,6.6,4.7,6.7,7.2,4.9,1.1,0.0,0.0,1.1,4.9,7.2,6.7,4.7,6.6,6.7,4.3,3.7,4.5,6.0,6.3,6.3,6.3,7.2,6.5,3.2,1.8,-34.09,4.02
CCCAAUACGACCAAAUCCG,CGGATTTGGTCGTATTGGG,AGGTGAAGGTCGGAGTCAACGGATTTGGTCGTATTGGGCGCCTGGTCACCAGGGCTG,0.77,1,Shabalina,hela,-0.9,-33.39,-186.7,-3.26,-3.26,-2.11,-0.93,-1.1,-1.33,-2.24,-2.36,-2.35,-2.24,-3.26,-2.11,-0.93,-0.93,-1.1,-2.35,-3.26,-2.36,-13.39,-13.39,-10.44,-6.82,-9.38,-7.69,-11.4,-10.64,-12.44,-11.4,-13.39,-10.44,-6.82,-6.82,-9.38,-12.44,-13.39,-10.64,0.0,0.0,0.0,0.0,0.0,0.0,0.0,0.0,0.0,0.0,0.0,0.0,0.0,0.0,0.0,0.0,0.0,0.0,0.0,0.0,-33.5,1.8,5.1,5.8,4.2,3.9,4.3,4.7,5.8,6.0,5.1,6.7,6.6,4.2,3.7,3.9,4.7,6.9,4.7,0.9,0.9,4.7,6.9,4.7,3.9,3.7,4.2,6.6,6.7,5.1,6.0,5.8,4.7,4.3,3.9,4.2,6.6,5.1,1.8,-33.38,0.57
CUUGACGGUGCCAUGGAAU,ATTCCATGGCACCGTCAAG,ATGATTCCACCCATGGCAAATTCCATGGCACCGTCAAGGCTGAGAACGGGAAGCTTG,0.79,1,Shabalina,hela,-1.43,-34.78,-190.68,-2.08,-0.93,-2.11,-2.35,-2.24,-2.36,-3.26,-2.24,-2.11,-3.42,-3.26,-2.11,-1.1,-2.11,-3.26,-2.35,-0.93,-1.1,-10.48,-6.82,-10.44,-12.44,-11.4,-10.64,-13.39,-11.4,-10.44,-14.88,-13.39,-10.44,-9.38,-10.44,-13.39,-12.44,-6.82,-9.38,0.0,0.0,0.0,0.0,0.0,0.0,0.0,0.0,0.0,0.0,0.0,0.0,0.0,0.0,0.0,0.0,0.0,0.0,0.0,0.0,-34.8,1.6,2.5,3.6,6.4,5.1,5.8,6.2,6.7,4.8,6.7,7.2,6.6,4.4,4.4,6.6,5.7,2.4,1.0,0.5,0.5,1.0,2.4,5.7,6.6,4.4,4.4,6.6,7.2,6.7,4.8,6.7,6.2,5.8,5.1,6.4,3.6,2.5,1.6,-34.66,1.25
GUUCAGCUCAGGGAUGACC,GGTCATCCCTGAGCTGAAC,CTGCCAAGGCTGTGGGCAAGGTCATCCCTGAGCTGAACGGGAAGCTCACTGGCATGG,0.8,1,Shabalina,hela,0.57,-37.59,-202.96,-2.24,-0.93,-2.35,-2.11,-2.08,-3.42,-2.08,-2.35,-2.11,-2.08,-3.26,-3.26,-2.35,-1.1,-2.11,-2.35,-2.24,-3.26,-11.4,-6.82,-12.44,-10.44,-10.48,-14.88,-10.48,-12.44,-10.44,-10.48,-13.39,-13.39,-12.44,-9.38,-10.44,-12.44,-11.4,-13.39,-0.3,0.0,0.0,0.0,0.0,0.0,0.0,0.0,0.0,0.0,0.0,0.0,0.0,0.0,0.0,0.0,0.0,0.0,0.0,0.0,-37.8,2.1,2.6,4.0,6.4,4.7,6.7,6.7,5.0,6.4,4.7,6.6,7.1,6.9,4.7,4.4,6.4,5.1,5.4,2.3,2.3,5.4,5.1,6.4,4.4,4.7,6.9,7.1,6.6,4.7,6.4,5.0,6.7,6.7,4.7,6.4,4.0,2.6,2.1,-36.49,1.09
